uzemi,Hodnocené období od,Datum hodnocení,Hodnocené období do,stav,Trend,validace,RP,OOP,validator,Typ pøedmìtu hodnocení,Typ hodnocení,Aktivita monitoringu,Plánovací dokumentace,Hodnotitel,Monitorovací plocha,Datum importu,Importní soubor,Popis,Importováno,Zmìnìno uživatelem,Metodika,Poznámka k validaci,Je ekosystémem?,Biotop,druh,Skupina pøedmìtù,Stanovištì,Fyzikálnì-chemický parametr,Typ neživé pøírody,Typ technického objektu
EVL Aglaia,17.05.2022,08.09.2025,02.08.2024,špatný,setrvalý,nevalidováno - k validaci,RP Støední Èechy,Krajský úøad Støedoèeského kraje,,Druh,EVL,,,,,08.09.2025,amp_evl_2024_20250908_UTF-8.csv,EVL Aglaia - Druh: èolek velký,Ano,Ano,,,,,èolek velký,,,,,
EVL Beèva - Žebraèka,13.05.2022,28.07.2025,15.09.2024,zhoršený,zlepšující se,nevalidováno - metodická chyba,RP Olomoucko,"Krajský úøad Olomouckého kraje, RP Olomoucko","Holec Vladislav, Mgr. (vladislav.holec)",Druh,EVL,,,"Holec Vladislav, Mgr. (vladislav.holec)",,28.07.2025,amp_evl_2024_20250728_UTF-8.csv,EVL Beèva - Žebraèka - Druh: kuòka obecná,Ano,Ano,,"Tato lokalita se málo sledovala, teï tam jsou nové tùnì.",,,kuòka obecná,,,,,
EVL Beskydy,14.04.2022,28.07.2025,11.09.2024,dobrý,setrvalý,nevalidováno - k validaci,RP Moravskoslezské,RP Moravskoslezské,,Druh,EVL,,,,,28.07.2025,amp_evl_2024_20250728_UTF-8.csv,EVL Beskydy - Druh: kuòka žlutobøichá,Ano,Ano,,,,,kuòka žlutobøichá,,,,,
EVL Bezdìkovský lom,01.01.2020,06.10.2025,30.10.2020,špatný,setrvalý,validováno,RP Støední Èechy,Krajský úøad Støedoèeského kraje,"Souèek Michal, Mgr. (michal.soucek)",Druh,EVL,,,"Souèek Michal, Mgr. (michal.soucek)",,16.05.2024,amp_evl_202320240511_UTF-8.csv,EVL Bezdìkovský lom - Druh: èolek velký,Ano,Ano,,"FISCHER, L.; FISCHER, D. (2020). Sledování stavu obojživelníkù a plazù - EVL Bezdìkovský lom: Závìreèná zpráva. 6 s. Inventarizaèní prùzkum",,,èolek velký,,,,,
EVL Boukal,04.05.2022,10.04.2025,13.07.2024,dobrý,setrvalý,validováno,RP Jižní Èechy,Krajský úøad Jihoèeského kraje,,Druh,EVL,,,"Hanè Zdenìk, Mgr. (zdenek.hanc)",,23.05.2025,amp_evl_2024_20250523_UTF-8.csv,EVL Boukal - Druh: kuòka obecná,Ano,Ano,"VOJAR, J.; JEØÁBKOVÁ, L.  (2024). Metodika sledování a vyhodnocení stavu pøedmìtu ochrany EVL - Obojživelníci. 17 s.",,,,kuòka obecná,,,,,
EVL Božický mokøad,10.06.2022,28.07.2025,06.07.2023,špatný,zhoršující se,validováno,RP Jižní Morava,Krajský úøad Jihomoravského kraje,,Druh,EVL,,,"Slavík Petr, Mgr. (petr.slavik)",,28.07.2025,amp_evl_2024_20250728_UTF-8.csv,EVL Božický mokøad - Druh: kuòka obecná,Ano,Ano,,,,,kuòka obecná,,,,,
EVL Bøeznice - Oblouèek,03.05.2022,08.09.2025,24.06.2024,dobrý,setrvalý,nevalidováno - k validaci,RP Støední Èechy,Krajský úøad Støedoèeského kraje,,Druh,EVL,,,,,08.09.2025,amp_evl_2024_20250908_UTF-8.csv,EVL Bøeznice - Oblouèek - Druh: kuòka obecná,Ano,Ano,,,,,kuòka obecná,,,,,
EVL Cihelna Kunín,08.04.2022,28.07.2025,25.07.2024,špatný,setrvalý,nevalidováno - k validaci,RP Moravskoslezské,"RP SCHKO Poodøí, RP Moravskoslezské",,Druh,EVL,,,,,28.07.2025,amp_evl_2024_20250728_UTF-8.csv,EVL Cihelna Kunín - Druh: èolek velký,Ano,Ano,,,,,èolek velký,,,,,
EVL Citonice - rybník Skalka,18.05.2022,28.07.2025,18.07.2024,dobrý,setrvalý,validováno,RP Jižní Morava,Krajský úøad Jihomoravského kraje,,Druh,EVL,,,"Slavík Petr, Mgr. (petr.slavik)",,28.07.2025,amp_evl_2024_20250728_UTF-8.csv,EVL Citonice - rybník Skalka - Druh: èolek dravý,Ano,Ano,,,,,èolek dravý,,,,,
EVL Èekál,04.05.2022,28.07.2025,05.07.2024,dobrý,setrvalý,validováno,RP Jižní Morava,Krajský úøad Jihomoravského kraje,,Druh,EVL,,,"Slavík Petr, Mgr. (petr.slavik)",,28.07.2025,amp_evl_2024_20250728_UTF-8.csv,EVL Èekál - Druh: kuòka obecná,Ano,Ano,,,,,kuòka obecná,,,,,
EVL Dìhylovský potok - Štìpán,02.05.2022,28.07.2025,18.10.2024,špatný,zlepšující se,validováno,RP Moravskoslezské,Krajský úøad Moravskoslezského kraje,"Herzogová Klára, Ing. (klara.herzogova)",Druh,EVL,,,"Herzogová Klára, Ing. (klara.herzogova)",,28.07.2025,amp_evl_2024_20250728_UTF-8.csv,EVL Dìhylovský potok - Štìpán - Druh: kuòka obecná,Ano,Ano,,"Trend upraven na zlepšující se. Lokalita prošla kompletní revitalizací - úprava rybníka, vytvoøení nových tùní (data jsou již po projektu). Dle NDOP došlo i k nárustu populace kuòky. ",,,kuòka obecná,,,,,
EVL Deylùv ostrùvek,13.05.2022,28.07.2025,15.07.2024,špatný,setrvalý,nevalidováno - chybná data,RP Olomoucko,Krajský úøad Olomouckého kraje,"Holec Vladislav, Mgr. (vladislav.holec)",Druh,EVL,,,"Holec Vladislav, Mgr. (vladislav.holec)",,28.07.2025,amp_evl_2024_20250728_UTF-8.csv,EVL Deylùv ostrùvek - Druh: èolek velký,Ano,Ano,,u kuòky za stejné EVL a za stejné období je indik. prùhlednosti vody dobrý. Pøikláním se k dobrý,,,èolek velký,,,,,
EVL Deylùv ostrùvek,13.05.2022,28.07.2025,15.09.2024,dobrý,zlepšující se,validováno,RP Olomoucko,Krajský úøad Olomouckého kraje,"Holec Vladislav, Mgr. (vladislav.holec)",Druh,EVL,,,"Holec Vladislav, Mgr. (vladislav.holec)",,28.07.2025,amp_evl_2024_20250728_UTF-8.csv,EVL Deylùv ostrùvek - Druh: kuòka obecná,Ano,Ano,,,,,kuòka obecná,,,,,
EVL Dívka,29.04.2022,10.04.2025,19.05.2024,dobrý,zlepšující se,nevalidováno - k validaci,RP Vysoèina,RP Vysoèina,,Druh,EVL,,,,,10.04.2025,amp_evl_2024_20250410_UTF-8.csv,EVL Dívka - Druh: kuòka obecná,Ano,Ano,"VOJAR, J.; JEØÁBKOVÁ, L.  (2024). Metodika sledování a vyhodnocení stavu pøedmìtu ochrany EVL - Obojživelníci. 17 s.",,,,kuòka obecná,,,,,
EVL Dolní a Prostøední Svrèov,10.04.2022,28.07.2025,10.07.2024,špatný,setrvalý,validováno,RP Olomoucko,Krajský úøad Olomouckého kraje,"Holec Vladislav, Mgr. (vladislav.holec)",Druh,EVL,,,"Holec Vladislav, Mgr. (vladislav.holec)",,28.07.2025,amp_evl_2024_20250728_UTF-8.csv,EVL Dolní a Prostøední Svrèov - Druh: kuòka obecná,Ano,Ano,,,,,kuòka obecná,,,,,
EVL Dolní Marklovice,01.06.2022,28.07.2025,17.10.2024,špatný,setrvalý,validováno,RP Moravskoslezské,Krajský úøad Moravskoslezského kraje,"Herzogová Klára, Ing. (klara.herzogova)",Druh,EVL,,,"Herzogová Klára, Ing. (klara.herzogova)",,28.07.2025,amp_evl_2024_20250728_UTF-8.csv,EVL Dolní Marklovice - Druh: kuòka obecná,Ano,Ano,,"Trend zmìnìn na setrvalý. Dlouhodobì špatné hospodaøení na rybnících, i dlouhodobì špatná populace kuòky.",,,kuòka obecná,,,,,
EVL Doupovské hory,23.04.2022,10.04.2025,12.11.2024,dobrý,zlepšující se,nevalidováno - k validaci,RP SCHKO Slavkovský les,"Krajský úøad Karlovarského kraje, Krajský úøad Ústeckého kraje, RP SCHKO Slavkovský les",,Druh,EVL,,,,,10.04.2025,amp_evl_2024_20250410_UTF-8.csv,EVL Doupovské hory - Druh: èolek velký,Ano,Ano,"VOJAR, J.; JEØÁBKOVÁ, L.  (2024). Metodika sledování a vyhodnocení stavu pøedmìtu ochrany EVL - Obojživelníci. 17 s.",,,,èolek velký,,,,,
EVL Doupovské hory,23.04.2022,10.04.2025,30.11.2024,špatný,setrvalý,nevalidováno - k validaci,RP SCHKO Slavkovský les,"Krajský úøad Karlovarského kraje, Krajský úøad Ústeckého kraje, RP SCHKO Slavkovský les",,Druh,EVL,,,,,10.04.2025,amp_evl_2024_20250410_UTF-8.csv,EVL Doupovské hory - Druh: kuòka obecná,Ano,Ano,"VOJAR, J.; JEØÁBKOVÁ, L.  (2024). Metodika sledování a vyhodnocení stavu pøedmìtu ochrany EVL - Obojživelníci. 17 s.",,,,kuòka obecná,,,,,
EVL Dražská Koupì,03.05.2022,08.09.2025,26.09.2024,špatný,zhoršující se,nevalidováno - k validaci,RP Støední Èechy,Krajský úøad Støedoèeského kraje,,Druh,EVL,,,,,08.09.2025,amp_evl_2024_20250908_UTF-8.csv,EVL Dražská Koupì - Druh: kuòka obecná,Ano,Ano,,,,,kuòka obecná,,,,,
EVL Drnholecký luh,01.06.2022,28.07.2025,20.06.2024,špatný,zhoršující se,validováno,RP Jižní Morava,Krajský úøad Jihomoravského kraje,,Druh,EVL,,,"Slavík Petr, Mgr. (petr.slavik)",,28.07.2025,amp_evl_2024_20250728_UTF-8.csv,EVL Drnholecký luh - Druh: kuòka obecná,Ano,Ano,,,,,kuòka obecná,,,,,
EVL Fickù rybník,12.05.2022,10.04.2025,09.09.2024,zhoršený,zlepšující se,validováno,RP Vysoèina,Krajský úøad kraje Vysoèina,,Druh,EVL,,,"Matrková Jana, Mgr., Ph.D. (jana.matrkova)",,10.04.2025,amp_evl_2024_20250410_UTF-8.csv,EVL Fickù rybník - Druh: èolek velký,Ano,Ano,"VOJAR, J.; JEØÁBKOVÁ, L.  (2024). Metodika sledování a vyhodnocení stavu pøedmìtu ochrany EVL - Obojživelníci. 17 s.",,,,èolek velký,,,,,
EVL Háj u Oseka,03.05.2022,10.04.2025,20.07.2024,dobrý,setrvalý,validováno,RP SCHKO Èeské støedohoøí,Krajský úøad Ústeckého kraje,"Bìlohoubek Jiøí, Mgr. (jiri.belohoubek)",Druh,EVL,,,"Bìlohoubek Jiøí, Mgr. (jiri.belohoubek)",,10.04.2025,amp_evl_2024_20250410_UTF-8.csv,EVL Háj u Oseka - Druh: kuòka obecná,Ano,Ano,"VOJAR, J.; JEØÁBKOVÁ, L.  (2024). Metodika sledování a vyhodnocení stavu pøedmìtu ochrany EVL - Obojživelníci. 17 s.",,,,kuòka obecná,,,,,
EVL Heømanický rybník,28.04.2022,28.07.2025,09.09.2024,špatný,setrvalý,validováno,RP Moravskoslezské,Krajský úøad Moravskoslezského kraje,"Herzogová Klára, Ing. (klara.herzogova)",Druh,EVL,,,"Herzogová Klára, Ing. (klara.herzogova)",,28.07.2025,amp_evl_2024_20250728_UTF-8.csv,EVL Heømanický rybník - Druh: èolek velký,Ano,Ano,,,,,èolek velký,,,,,
EVL Hevlínské jezero,22.04.2023,28.07.2025,14.08.2024,špatný,setrvalý,validováno,RP Jižní Morava,Krajský úøad Jihomoravského kraje,,Druh,EVL,,,"Slavík Petr, Mgr. (petr.slavik)",,28.07.2025,amp_evl_2024_20250728_UTF-8.csv,EVL Hevlínské jezero - Druh: kuòka obecná,Ano,Ano,,,,,kuòka obecná,,,,,
EVL Hodonínská Dúbrava,17.06.2022,28.07.2025,06.06.2024,dobrý,setrvalý,validováno,RP Jižní Morava,"Krajský úøad Jihomoravského kraje, RP SCHKO Bílé Karpaty",,Druh,EVL,,,"Slavík Petr, Mgr. (petr.slavik)",,28.07.2025,amp_evl_2024_20250728_UTF-8.csv,EVL Hodonínská Dúbrava - Druh: kuòka obecná,Ano,Ano,,,,,kuòka obecná,,,,,
EVL Horní a Dolní obdìnický rybník,04.05.2022,08.09.2025,24.09.2024,dobrý,setrvalý,nevalidováno - k validaci,RP Støední Èechy,,,Druh,EVL,,,,,08.09.2025,amp_evl_2024_20250908_UTF-8.csv,EVL Horní a Dolní obdìnický rybník - Druh: kuòka obecná,Ano,Ano,,,,,kuòka obecná,,,,,
EVL Horní Mouøínovský rybník,22.05.2022,28.07.2025,18.06.2022,dobrý,setrvalý,validováno,RP Jižní Morava,Krajský úøad Jihomoravského kraje,,Druh,EVL,,,"Slavík Petr, Mgr. (petr.slavik)",,28.07.2025,amp_evl_2024_20250728_UTF-8.csv,EVL Horní Mouøínovský rybník - Druh: kuòka obecná,Ano,Ano,,,,,kuòka obecná,,,,,
EVL Horní solopyský rybník,04.05.2022,08.09.2025,05.07.2024,dobrý,setrvalý,nevalidováno - k validaci,RP Støední Èechy,Krajský úøad Støedoèeského kraje,,Druh,EVL,,,,,08.09.2025,amp_evl_2024_20250908_UTF-8.csv,EVL Horní solopyský rybník - Druh: kuòka obecná,Ano,Ano,,,,,kuòka obecná,,,,,
EVL Hradištì,07.05.2022,10.04.2025,22.08.2024,dobrý,zlepšující se,nevalidováno - k validaci,RP SCHKO Slavkovský les,"Krajský úøad Karlovarského kraje, RP SCHKO Slavkovský les, Krajský úøad Ústeckého kraje, Újezdní úøad Hradištì",,Druh,EVL,,,,,10.04.2025,amp_evl_2024_20250410_UTF-8.csv,EVL Hradištì - Druh: èolek velký,Ano,Ano,"VOJAR, J.; JEØÁBKOVÁ, L.  (2024). Metodika sledování a vyhodnocení stavu pøedmìtu ochrany EVL - Obojživelníci. 17 s.",,,,èolek velký,,,,,
EVL Hradištì,24.04.2022,10.04.2025,22.08.2024,špatný,setrvalý,nevalidováno - k validaci,RP SCHKO Slavkovský les,"Krajský úøad Karlovarského kraje, RP SCHKO Slavkovský les, Krajský úøad Ústeckého kraje, Újezdní úøad Hradištì",,Druh,EVL,,,,,10.04.2025,amp_evl_2024_20250410_UTF-8.csv,EVL Hradištì - Druh: kuòka obecná,Ano,Ano,"VOJAR, J.; JEØÁBKOVÁ, L.  (2024). Metodika sledování a vyhodnocení stavu pøedmìtu ochrany EVL - Obojživelníci. 17 s.",,,,kuòka obecná,,,,,
EVL Chvalèov,21.04.2022,28.07.2025,01.09.2024,dobrý,setrvalý,validováno,RP SCHKO Bílé Karpaty,Krajský úøad Zlínského kraje,"Veèeøa Petr, Mgr. (petr.vecera)",Druh,EVL,,,"Veèeøa Petr, Mgr. (petr.vecera)",,28.07.2025,amp_evl_2024_20250728_UTF-8.csv,EVL Chvalèov - Druh: èolek velký,Ano,Ano,"VOJAR, J.; JEØÁBKOVÁ, L.  (2024). Metodika sledování a vyhodnocení stavu pøedmìtu ochrany EVL - Obojživelníci. 17 s.",,,,èolek velký,,,,,
EVL Jablonná - mokøad,01.01.2021,06.10.2025,30.10.2021,špatný,zlepšující se,validováno,RP Støední Èechy,Krajský úøad Støedoèeského kraje,"Souèek Michal, Mgr. (michal.soucek)",Druh,EVL,,,"Souèek Michal, Mgr. (michal.soucek)",,08.09.2025,amp_evl_2024_20250908_UTF-8.csv,EVL Jablonná - mokøad - Druh: kuòka obecná,Ano,Ano,,"FISCHER, L.; FISCHER, D. (2021). Sledování stavu obojživelníkù a plazù - EVL Jablonná - mokøad: Závìreèná zpráva. 11 s. Inventarizaèní prùzkum. ",,,kuòka obecná,,,,,
EVL Jankovec,02.05.2023,28.07.2025,17.08.2024,dobrý,setrvalý,validováno,RP Jižní Morava,Krajský úøad Jihomoravského kraje,,Druh,EVL,,,"Slavík Petr, Mgr. (petr.slavik)",,28.07.2025,amp_evl_2024_20250728_UTF-8.csv,EVL Jankovec - Druh: kuòka obecná,Ano,Ano,,,,,kuòka obecná,,,,,
EVL Jezera,07.05.2022,08.09.2025,25.06.2024,dobrý,setrvalý,nevalidováno - k validaci,RP Støední Èechy,Krajský úøad Støedoèeského kraje,,Druh,EVL,,,,,08.09.2025,amp_evl_2024_20250908_UTF-8.csv,EVL Jezera - Druh: kuòka obecná,Ano,Ano,,,,,kuòka obecná,,,,,
EVL Kalivody,01.01.2020,06.10.2025,30.10.2020,zhoršený,setrvalý,validováno,RP Støední Èechy,Krajský úøad Støedoèeského kraje,"Souèek Michal, Mgr. (michal.soucek)",Druh,EVL,,,"Souèek Michal, Mgr. (michal.soucek)",,16.05.2024,amp_evl_202320240511_UTF-8.csv,EVL Kalivody - Druh: kuòka obecná,Ano,Ano,,"REMAR, R. (2020). Sledování stavu obojživelníkù a plazù - EVL Kalivody: Závìreèná zpráva. 13 s. Inventarizaèní prùzkum.",,,kuòka obecná,,,,,
EVL Kalivody,01.01.2020,06.10.2025,30.10.2020,zhoršený,setrvalý,validováno,RP Støední Èechy,Krajský úøad Støedoèeského kraje,"Souèek Michal, Mgr. (michal.soucek)",Druh,EVL,,,"Souèek Michal, Mgr. (michal.soucek)",,08.09.2025,amp_evl_2024_20250908_UTF-8.csv,EVL Kalivody - Druh: kuòka obecná,Ano,Ano,,"REMAR, R. (2020). Sledování stavu obojživelníkù a plazù - EVL Kalivody: Závìreèná zpráva. 13 s. Inventarizaèní prùzkum.",,,kuòka obecná,,,,,
EVL Kalspot,01.01.2020,06.10.2025,30.10.2020,zhoršený,setrvalý,validováno,RP Støední Èechy,Krajský úøad Støedoèeského kraje,"Souèek Michal, Mgr. (michal.soucek)",Druh,EVL,,,"Souèek Michal, Mgr. (michal.soucek)",,16.05.2024,amp_evl_202320240511_UTF-8.csv,EVL Kalspot - Druh: èolek velký,Ano,Ano,,"PØEPSÁNO, VÝHLEDOVÌ SMAZAT - TICHAI, M. (2020). Sledování stavu obojživelníkù a plazù - EVL Kalspot: Závìreèná zpráva. 8 s. Inventarizaèní prùzkum.",,,èolek velký,,,,,
EVL Kalspot,21.04.2022,08.09.2025,17.07.2024,zhoršený,zlepšující se,nevalidováno - k validaci,RP Støední Èechy,Krajský úøad Støedoèeského kraje,,Druh,EVL,,,,,08.09.2025,amp_evl_2024_20250908_UTF-8.csv,EVL Kalspot - Druh: èolek velký,Ano,Ano,,,,,èolek velký,,,,,
EVL Kaolinka,26.04.2022,28.07.2025,26.06.2024,špatný,setrvalý,validováno,RP Jižní Morava,Krajský úøad Jihomoravského kraje,,Druh,EVL,,,"Slavík Petr, Mgr. (petr.slavik)",,28.07.2025,amp_evl_2024_20250728_UTF-8.csv,EVL Kaolinka - Druh: èolek dravý,Ano,Ano,,,,,èolek dravý,,,,,
EVL Káraný - Hrbáèkovy tùnì,30.04.2022,08.09.2025,27.06.2024,špatný,setrvalý,nevalidováno - k validaci,RP SCHKO Kokoøínsko - Máchùv kraj,Krajský úøad Støedoèeského kraje,,Druh,EVL,,,,,08.09.2025,amp_evl_2024_20250908_UTF-8.csv,EVL Káraný - Hrbáèkovy tùnì - Druh: èolek velký,Ano,Ano,,,,,èolek velký,,,,,
EVL Kateøina - mokøad,03.05.2022,10.04.2025,20.07.2024,špatný,setrvalý,validováno,RP SCHKO Èeské støedohoøí,Krajský úøad Ústeckého kraje,,Druh,EVL,,,"Bìlohoubek Jiøí, Mgr. (jiri.belohoubek)",,10.04.2025,amp_evl_2024_20250410_UTF-8.csv,EVL Kateøina - mokøad - Druh: kuòka obecná,Ano,Ano,"VOJAR, J.; JEØÁBKOVÁ, L.  (2024). Metodika sledování a vyhodnocení stavu pøedmìtu ochrany EVL - Obojživelníci. 17 s.",,,,kuòka obecná,,,,,
EVL Kerské rybníèky,08.06.2022,08.09.2025,01.08.2024,dobrý,zlepšující se,validováno,RP SCHKO Kokoøínsko - Máchùv kraj,Krajský úøad Støedoèeského kraje,,Druh,EVL,,,"Beran Luboš, RNDr., Ph.D. (lubos.beran)",,08.09.2025,amp_evl_2024_20250908_UTF-8.csv,EVL Kerské rybníèky - Druh: èolek velký,Ano,Ano,,,,,èolek velký,,,,,
EVL Knížecí les,27.03.2022,28.07.2025,03.04.2024,dobrý,setrvalý,validováno,RP Jižní Morava,Krajský úøad Jihomoravského kraje,,Druh,EVL,,,"Slavík Petr, Mgr. (petr.slavik)",,28.07.2025,amp_evl_2024_20250728_UTF-8.csv,EVL Knížecí les - Druh: kuòka obecná,Ano,Ano,,,,,kuòka obecná,,,,,
EVL Kochánovické rybníky a tùnì,05.05.2023,10.04.2025,25.04.2024,dobrý,neznámý,nevalidováno - k validaci,RP Vysoèina,"RP Východní Èechy, RP Vysoèina",,Druh,EVL,,,,,10.04.2025,amp_evl_2024_20250410_UTF-8.csv,EVL Kochánovické rybníky a tùnì - Druh: èolek velký,Ano,Ano,"VOJAR, J.; JEØÁBKOVÁ, L.  (2024). Metodika sledování a vyhodnocení stavu pøedmìtu ochrany EVL - Obojživelníci. 17 s.",,,,èolek velký,,,,,
EVL Kochánovické rybníky a tùnì,28.04.2022,10.04.2025,25.04.2024,dobrý,zlepšující se,nevalidováno - k validaci,RP Vysoèina,"RP Východní Èechy, RP Vysoèina",,Druh,EVL,,,,,10.04.2025,amp_evl_2024_20250410_UTF-8.csv,EVL Kochánovické rybníky a tùnì - Druh: kuòka obecná,Ano,Ano,"VOJAR, J.; JEØÁBKOVÁ, L.  (2024). Metodika sledování a vyhodnocení stavu pøedmìtu ochrany EVL - Obojživelníci. 17 s.",,,,kuòka obecná,,,,,
EVL Kopistská výsypka,20.04.2022,10.04.2025,12.05.2024,špatný,setrvalý,validováno,RP SCHKO Èeské støedohoøí,Krajský úøad Ústeckého kraje,,Druh,EVL,,,"Bìlohoubek Jiøí, Mgr. (jiri.belohoubek)",,10.04.2025,amp_evl_2024_20250410_UTF-8.csv,EVL Kopistská výsypka - Druh: èolek velký,Ano,Ano,"VOJAR, J.; JEØÁBKOVÁ, L.  (2024). Metodika sledování a vyhodnocení stavu pøedmìtu ochrany EVL - Obojživelníci. 17 s.",,,,èolek velký,,,,,
EVL Kopistská výsypka,15.04.2022,10.04.2025,12.05.2024,dobrý,setrvalý,validováno,RP SCHKO Èeské støedohoøí,Krajský úøad Ústeckého kraje,,Druh,EVL,,,"Bìlohoubek Jiøí, Mgr. (jiri.belohoubek)",,10.04.2025,amp_evl_2024_20250410_UTF-8.csv,EVL Kopistská výsypka - Druh: kuòka obecná,Ano,Ano,"VOJAR, J.; JEØÁBKOVÁ, L.  (2024). Metodika sledování a vyhodnocení stavu pøedmìtu ochrany EVL - Obojživelníci. 17 s.",,,,kuòka obecná,,,,,
EVL Koupalištì u Bohuslavic,22.05.2023,10.04.2025,10.07.2023,dobrý,neznámý,validováno,RP Vysoèina,Krajský úøad kraje Vysoèina,,Druh,EVL,,,"Matrková Jana, Mgr., Ph.D. (jana.matrkova)",,10.04.2025,amp_evl_2024_20250410_UTF-8.csv,EVL Koupalištì u Bohuslavic - Druh: èolek velký,Ano,Ano,"VOJAR, J.; JEØÁBKOVÁ, L.  (2024). Metodika sledování a vyhodnocení stavu pøedmìtu ochrany EVL - Obojživelníci. 17 s.",,,,èolek velký,,,,,
EVL Krumlovský les,23.04.2022,28.07.2025,29.06.2024,dobrý,setrvalý,validováno,RP Jižní Morava,Krajský úøad Jihomoravského kraje,,Druh,EVL,,,"Slavík Petr, Mgr. (petr.slavik)",,28.07.2025,amp_evl_2024_20250728_UTF-8.csv,EVL Krumlovský les - Druh: èolek velký,Ano,Ano,,,,,èolek velký,,,,,
EVL Kurovice - lom,30.04.2022,28.07.2025,29.07.2024,špatný,setrvalý,nevalidováno - chybná data,RP SCHKO Bílé Karpaty,Krajský úøad Zlínského kraje,"Veèeøa Petr, Mgr. (petr.vecera)",Druh,EVL,,,"Veèeøa Petr, Mgr. (petr.vecera)",,28.07.2025,amp_evl_2024_20250728_UTF-8.csv,EVL Kurovice - lom - Druh: èolek velký,Ano,Ano,"VOJAR, J.; JEØÁBKOVÁ, L.  (2024). Metodika sledování a vyhodnocení stavu pøedmìtu ochrany EVL - Obojživelníci. 17 s.","Trend ""zlepšující se"". V posledních letech došlo k vytvoøení øady heterogenních tùní a malých vodních ploch - potenciál pro rùst populace.",,,èolek velký,,,,,
EVL Kyšice - Kobyla,21.04.2022,08.09.2025,17.07.2024,špatný,setrvalý,nevalidováno - k validaci,RP Støední Èechy,Krajský úøad Støedoèeského kraje,,Druh,EVL,,,,,08.09.2025,amp_evl_2024_20250908_UTF-8.csv,EVL Kyšice - Kobyla - Druh: èolek velký,Ano,Ano,,,,,èolek velký,,,,,
EVL Kyšice - Kobyla,01.01.2020,06.10.2025,30.10.2020,dobrý,setrvalý,validováno,RP Støední Èechy,Krajský úøad Støedoèeského kraje,"Souèek Michal, Mgr. (michal.soucek)",Druh,EVL,,,"Souèek Michal, Mgr. (michal.soucek)",,16.05.2024,amp_evl_202320240511_UTF-8.csv,EVL Kyšice - Kobyla - Druh: èolek velký,Ano,Ano,,"KOPECKÝ, O. (2020). Sledování stavu obojživelníkù a plazù - EVL Kyšice - Kobyla: Závìreèná zpráva. 10 s. Inventarizaèní prùzkum.",,,èolek velký,,,,,
EVL Libické luhy,18.05.2022,08.09.2025,09.08.2024,špatný,setrvalý,validováno,RP SCHKO Kokoøínsko - Máchùv kraj,"Krajský úøad Støedoèeského kraje, RP SCHKO Kokoøínsko - Máchùv kraj",,Druh,EVL,,,"Beran Luboš, RNDr., Ph.D. (lubos.beran)",,08.09.2025,amp_evl_2024_20250908_UTF-8.csv,EVL Libické luhy - Druh: kuòka obecná,Ano,Ano,,,,,kuòka obecná,,,,,
EVL Litovelské Pomoraví,20.04.2022,28.07.2025,23.07.2024,špatný,setrvalý,nevalidováno - metodická chyba,RP Olomoucko,"Krajský úøad Olomouckého kraje, RP Olomoucko","Holec Vladislav, Mgr. (vladislav.holec)",Druh,EVL,,,"Holec Vladislav, Mgr. (vladislav.holec)",,28.07.2025,amp_evl_2024_20250728_UTF-8.csv,EVL Litovelské Pomoraví - Druh: èolek velký,Ano,Ano,,Pokud není hodnocen poèet dílèích lokalit nelze vývoj populace oznaèit za špatný a tedy ani celkový stav pøedmìtu ochrany EVL za špatný a se zhoršeným trendem.,,,èolek velký,,,,,
EVL Litovelské Pomoraví,27.04.2022,28.07.2025,23.07.2024,špatný,zhoršující se,nevalidováno - metodická chyba,RP Olomoucko,"Krajský úøad Olomouckého kraje, RP Olomoucko","Holec Vladislav, Mgr. (vladislav.holec)",Druh,EVL,,,"Holec Vladislav, Mgr. (vladislav.holec)",,28.07.2025,amp_evl_2024_20250728_UTF-8.csv,EVL Litovelské Pomoraví - Druh: kuòka obecná,Ano,Ano,,Pokud není hodnocen poèet dílèích lokalit nelze vývoj populace oznaèit za špatný a tedy ani celkový stav pøedmìtu ochrany EVL za špatný a se zhoršeným trendem,,,kuòka obecná,,,,,
EVL Lom na Plachtì,01.01.2020,06.10.2025,30.10.2020,zhoršený,setrvalý,validováno,RP Støední Èechy,Krajský úøad Støedoèeského kraje,"Souèek Michal, Mgr. (michal.soucek)",Druh,EVL,,,"Souèek Michal, Mgr. (michal.soucek)",,08.09.2025,amp_evl_2024_20250908_UTF-8.csv,EVL Lom na Plachtì - Druh: kuòka obecná,Ano,Ano,,"HOLER, T. (2020). Sledování stavu obojživelníkù a plazù - EVL Lom na Plachtì: Závìreèná zpráva. 18 s. Inventarizaèní prùzkum.",,,kuòka obecná,,,,,
EVL Lom Skalka u Sepekova,14.05.2022,10.04.2025,13.07.2024,špatný,setrvalý,nevalidováno - k validaci,RP Jižní Èechy,Krajský úøad Jihoèeského kraje,,Druh,EVL,,,,,23.05.2025,amp_evl_2024_20250523_UTF-8.csv,EVL Lom Skalka u Sepekova - Druh: èolek velký,Ano,Ano,"VOJAR, J.; JEØÁBKOVÁ, L.  (2024). Metodika sledování a vyhodnocení stavu pøedmìtu ochrany EVL - Obojživelníci. 17 s.",,,,èolek velký,,,,,
EVL Lom u Žerùtek,15.04.2022,28.07.2025,25.06.2024,dobrý,setrvalý,validováno,RP Jižní Morava,Krajský úøad Jihomoravského kraje,,Druh,EVL,,,"Slavík Petr, Mgr. (petr.slavik)",,28.07.2025,amp_evl_2024_20250728_UTF-8.csv,EVL Lom u Žerùtek - Druh: èolek dravý,Ano,Ano,,,,,èolek dravý,,,,,
EVL Luèní údolí,27.04.2022,28.07.2025,10.06.2024,dobrý,setrvalý,validováno,RP Jižní Morava,Krajský úøad Jihomoravského kraje,,Druh,EVL,,,"Slavík Petr, Mgr. (petr.slavik)",,28.07.2025,amp_evl_2024_20250728_UTF-8.csv,EVL Luèní údolí - Druh: èolek velký,Ano,Ano,,,,,èolek velký,,,,,
EVL Malý Bukaè,16.05.2022,10.04.2025,02.07.2024,špatný,zhoršující se,nevalidováno - k validaci,RP Jižní Èechy,Krajský úøad Jihoèeského kraje,,Druh,EVL,,,"Gaigr Jonáš, MSci. (jonas.gaigr)",,23.05.2025,amp_evl_2024_20250523_UTF-8.csv,EVL Malý Bukaè - Druh: èolek velký,Ano,Ano,"VOJAR, J.; JEØÁBKOVÁ, L.  (2024). Metodika sledování a vyhodnocení stavu pøedmìtu ochrany EVL - Obojživelníci. 17 s.",,,,èolek velký,,,,,
EVL Maršovec a Èepièka,30.04.2022,10.04.2025,12.05.2024,dobrý,zlepšující se,validováno,RP Vysoèina,Krajský úøad kraje Vysoèina,,Druh,EVL,,,"Matrková Jana, Mgr., Ph.D. (jana.matrkova)",,10.04.2025,amp_evl_2024_20250410_UTF-8.csv,EVL Maršovec a Èepièka - Druh: kuòka obecná,Ano,Ano,"VOJAR, J.; JEØÁBKOVÁ, L.  (2024). Metodika sledování a vyhodnocení stavu pøedmìtu ochrany EVL - Obojživelníci. 17 s.",,,,kuòka obecná,,,,,
EVL Mašovický lom,13.04.2022,28.07.2025,18.07.2024,zhoršený,zhoršující se,validováno,RP Jižní Morava,Krajský úøad Jihomoravského kraje,,Druh,EVL,,,"Slavík Petr, Mgr. (petr.slavik)",,28.07.2025,amp_evl_2024_20250728_UTF-8.csv,EVL Mašovický lom - Druh: èolek dravý,Ano,Ano,,,,,èolek dravý,,,,,
EVL Meandry Dolní Odry,17.05.2022,28.07.2025,14.08.2024,špatný,neznámý,nevalidováno - k validaci,RP Moravskoslezské,,,Druh,EVL,,,,,28.07.2025,amp_evl_2024_20250728_UTF-8.csv,EVL Meandry Dolní Odry - Druh: kuòka žlutobøichá,Ano,Ano,,,,,kuòka žlutobøichá,,,,,
EVL Milovice - Mladá,21.06.2022,08.09.2025,25.06.2024,dobrý,neznámý,nevalidováno - chybná data,RP SCHKO Kokoøínsko - Máchùv kraj,"Krajský úøad Støedoèeského kraje, RP SCHKO Kokoøínsko - Máchùv kraj",,Druh,EVL,,,"Beran Luboš, RNDr., Ph.D. (lubos.beran)",,08.09.2025,amp_evl_2024_20250908_UTF-8.csv,EVL Milovice - Mladá - Druh: èolek velký,Ano,Ano,,"Trend je spíše ""setrvalý"" ",,,èolek velký,,,,,
EVL Minartice,17.04.2022,08.09.2025,25.06.2024,dobrý,setrvalý,nevalidováno - k validaci,RP Støední Èechy,Krajský úøad Støedoèeského kraje,,Druh,EVL,,,,,08.09.2025,amp_evl_2024_20250908_UTF-8.csv,EVL Minartice - Druh: kuòka obecná,Ano,Ano,,,,,kuòka obecná,,,,,
EVL Mokøad Pumpák,23.04.2024,28.07.2025,02.05.2024,špatný,neznámý,validováno,RP SCHKO Bílé Karpaty,Krajský úøad Zlínského kraje,"Veèeøa Petr, Mgr. (petr.vecera)",Druh,EVL,,,"Veèeøa Petr, Mgr. (petr.vecera)",,28.07.2025,amp_evl_2024_20250728_UTF-8.csv,EVL Mokøad Pumpák - Druh: èolek velký,Ano,Ano,"VOJAR, J.; JEØÁBKOVÁ, L.  (2024). Metodika sledování a vyhodnocení stavu pøedmìtu ochrany EVL - Obojživelníci. 17 s.",Trend - zlepšující se. Opìtovnì po dlouhé dobì potvrzen v r. 2025 výskyt pøedmìtu ochrany (vè. dalších ZCHD obojživelníkù). Došlo k vyèištìní lokality od náletových døevin. Nutné však pokraèovat v managementu a zlepšit ještì hydrologické podmínky EVL.,,,èolek velký,,,,,
EVL Mokøad u Rondelu,23.04.2022,28.07.2025,19.10.2024,špatný,setrvalý,validováno,RP Moravskoslezské,Krajský úøad Moravskoslezského kraje,"Herzogová Klára, Ing. (klara.herzogova)",Druh,EVL,,,"Herzogová Klára, Ing. (klara.herzogova)",,28.07.2025,amp_evl_2024_20250728_UTF-8.csv,EVL Mokøad u Rondelu - Druh: èolek velký,Ano,Ano,,"Zde bych na základì dat dala stav dobrý a setrvalý. Èolci velcí jsou na lokalitì poèetní, rùzné vìkové kategorie (NDOP). Problém jsou invazní druhy ryb v tùních, jinak je lokalita zatím v dobrém stavu. Parametr Nadmìrný tlak ryb by mìl být špatný.",,,èolek velký,,,,,
EVL Mokøad u Slováckých strojíren,02.06.2022,28.07.2025,17.06.2024,dobrý,neznámý,nevalidováno - chybná data,RP SCHKO Bílé Karpaty,Krajský úøad Zlínského kraje,"Veèeøa Petr, Mgr. (petr.vecera)",Druh,EVL,,,"Veèeøa Petr, Mgr. (petr.vecera)",,28.07.2025,amp_evl_2024_20250728_UTF-8.csv,EVL Mokøad u Slováckých strojíren - Druh: kuòka žlutobøichá,Ano,Ano,"VOJAR, J.; JEØÁBKOVÁ, L.  (2024). Metodika sledování a vyhodnocení stavu pøedmìtu ochrany EVL - Obojživelníci. 17 s.","Stav - špatný. Trend - setrvalý nebo mírnì se zhoršující. Došlo k vyèištìní lokality od náletu, stále však dochází k rychlé zarùstání lokality a poklesu vodní hladiny biotopù.",,,kuòka žlutobøichá,,,,,
EVL Morava - Chropyòský luh,08.05.2022,28.07.2025,10.08.2024,špatný,setrvalý,validováno,RP Olomoucko,"Krajský úøad Olomouckého kraje, Krajský úøad Zlínského kraje, RP SCHKO Bílé Karpaty, RP Olomoucko","Veèeøa Petr, Mgr. (petr.vecera)",Druh,EVL,,,"Veèeøa Petr, Mgr. (petr.vecera)",,28.07.2025,amp_evl_2024_20250728_UTF-8.csv,EVL Morava - Chropyòský luh - Druh: èolek velký,Ano,Ano,"VOJAR, J.; JEØÁBKOVÁ, L.  (2024). Metodika sledování a vyhodnocení stavu pøedmìtu ochrany EVL - Obojživelníci. 17 s.",Nemáme za naše RP dostatek dat - primárnì na území RP Olomoucko. V rámci RP Bílé Karpaty pouze PP Záøíèské louky - bez výskytu pøedmìtu ochrany,,,èolek velký,,,,,
EVL Niva Dyje,30.04.2022,28.07.2025,24.06.2024,dobrý,zlepšující se,validováno,RP Jižní Morava,"Krajský úøad Jihomoravského kraje, RP Jižní Morava",,Druh,EVL,,,"Slavík Petr, Mgr. (petr.slavik)",,28.07.2025,amp_evl_2024_20250728_UTF-8.csv,EVL Niva Dyje - Druh: kuòka obecná,Ano,Ano,,,,,kuòka obecná,,,,,
EVL Niva Olše - Vìøòovice,09.05.2022,28.07.2025,17.10.2024,dobrý,zhoršující se,validováno,RP Moravskoslezské,Krajský úøad Moravskoslezského kraje,"Herzogová Klára, Ing. (klara.herzogova)",Druh,EVL,,,"Herzogová Klára, Ing. (klara.herzogova)",,28.07.2025,amp_evl_2024_20250728_UTF-8.csv,EVL Niva Olše - Vìøòovice - Druh: kuòka žlutobøichá,Ano,Ano,,"Trend byl zmìnìn na zhoršující se. Dochází k zavážení terénních depresí stavebním odpadem, kuòky jsou v hodnotícím období v podobných poètech, ale hrozí postupná likvidace biotopu. Parametr Ztráta vodních biotopù a Vysychání vodních ploch není dobrý. ",,,kuòka žlutobøichá,,,,,
EVL Nový rybník u Kaèiny,01.01.2020,08.09.2025,30.10.2020,dobrý,setrvalý,validováno,RP Støední Èechy,Krajský úøad Støedoèeského kraje,"Souèek Michal, Mgr. (michal.soucek)",Druh,EVL,,,"Souèek Michal, Mgr. (michal.soucek)",,08.09.2025,amp_evl_2024_20250908_UTF-8.csv,EVL Nový rybník u Kaèiny - Druh: kuòka obecná ,Ano,Ano,,"VOJAR, J. (2020). Sledování stavu obojživelníkù a plazù - EVL Nový rybník u Kaèiny: Závìreèná zpráva. 15 s. Inventarizaèní prùzkum.",,,kuòka obecná,,,,,
EVL Ohrozim - Horka,14.04.2022,28.07.2025,23.05.2024,špatný,setrvalý,validováno,RP Olomoucko,Krajský úøad Olomouckého kraje,"Holec Vladislav, Mgr. (vladislav.holec)",Druh,EVL,,,"Holec Vladislav, Mgr. (vladislav.holec)",,28.07.2025,amp_evl_2024_20250728_UTF-8.csv,EVL Ohrozim - Horka - Druh: èolek velký,Ano,Ano,,,,,èolek velký,,,,,
EVL Osoblažský výbìžek,18.04.2022,28.07.2025,10.07.2024,dobrý,neznámý,validováno,RP Moravskoslezské,Krajský úøad Moravskoslezského kraje,"Herzogová Klára, Ing. (klara.herzogova)",Druh,EVL,,,"Herzogová Klára, Ing. (klara.herzogova)",,28.07.2025,amp_evl_2024_20250728_UTF-8.csv,EVL Osoblažský výbìžek - Druh: kuòka obecná,Ano,Ano,,"Stav špatný, trend setrvalý. Dlouhodobì lokalita bez kunìk, dle NDOP se v poslední dobì potvrdilo pár jedincù. Naopak biotop pro kuòku je ve stavu dlouhodobì dobrém. Hodnocení je na zvážení. Parametr Pøítomnost druhu a Vývoj poèetnost populace je špatný.",,,kuòka obecná,,,,,
EVL Ovèírka,14.04.2022,28.07.2025,17.06.2024,dobrý,neznámý,nevalidováno - chybná data,RP SCHKO Bílé Karpaty,Krajský úøad Zlínského kraje,"Veèeøa Petr, Mgr. (petr.vecera)",Druh,EVL,,,"Veèeøa Petr, Mgr. (petr.vecera)",,28.07.2025,amp_evl_2024_20250728_UTF-8.csv,EVL Ovèírka - Druh: kuòka obecná,Ano,Ano,"VOJAR, J.; JEØÁBKOVÁ, L.  (2024). Metodika sledování a vyhodnocení stavu pøedmìtu ochrany EVL - Obojživelníci. 17 s.","Stav - špatný, trend - setrvalý až mírnì zlepšující se. Lokalita vysychá - závislá do jisté míry na poèasí v daném roce. Pøedmìt ochrany v roce 2024 po dlouhé dobì potvrzen ve vyšším poètu.",,,kuòka obecná,,,,,
EVL Píseèná - mokøad,05.05.2023,28.07.2025,07.06.2024,špatný,setrvalý,nevalidováno - k validaci,RP Olomoucko,Krajský úøad Olomouckého kraje,,Druh,EVL,,,,,28.07.2025,amp_evl_2024_20250728_UTF-8.csv,EVL Píseèná - mokøad - Druh: kuòka žlutobøichá,Ano,Ano,,,,,kuòka žlutobøichá,,,,,
EVL Poodøí,21.04.2022,28.07.2025,20.10.2024,špatný,setrvalý,validováno,RP Moravskoslezské,"Krajský úøad Moravskoslezského kraje, RP SCHKO Poodøí, RP Moravskoslezské","Herzogová Klára, Ing. (klara.herzogova)",Druh,EVL,,,"Herzogová Klára, Ing. (klara.herzogova)",,28.07.2025,amp_evl_2024_20250728_UTF-8.csv,EVL Poodøí - Druh: èolek velký,Ano,Ano,,,,,èolek velký,,,,,
EVL Poodøí,09.05.2022,28.07.2025,20.10.2024,dobrý,zlepšující se,validováno,RP Moravskoslezské,"Krajský úøad Moravskoslezského kraje, RP SCHKO Poodøí, RP Moravskoslezské","Herzogová Klára, Ing. (klara.herzogova)",Druh,EVL,,,"Herzogová Klára, Ing. (klara.herzogova)",,28.07.2025,amp_evl_2024_20250728_UTF-8.csv,EVL Poodøí - Druh: kuòka obecná,Ano,Ano,,,,,kuòka obecná,,,,,
EVL Popovické rybníky,02.06.2022,28.07.2025,02.05.2024,špatný,neznámý,validováno,RP SCHKO Bílé Karpaty,Krajský úøad Zlínského kraje,"Veèeøa Petr, Mgr. (petr.vecera)",Druh,EVL,,,"Veèeøa Petr, Mgr. (petr.vecera)",,28.07.2025,amp_evl_2024_20250728_UTF-8.csv,EVL Popovické rybníky - Druh: kuòka žlutobøichá,Ano,Ano,"VOJAR, J.; JEØÁBKOVÁ, L.  (2024). Metodika sledování a vyhodnocení stavu pøedmìtu ochrany EVL - Obojživelníci. 17 s.",Trend - zhoršující se. Realizace projektu pro kuòku.,,,kuòka žlutobøichá,,,,,
EVL Pražská pole,30.04.2022,10.04.2025,21.07.2024,špatný,setrvalý,nevalidováno - k validaci,RP SCHKO Slavkovský les,Krajský úøad Ústeckého kraje,,Druh,EVL,,,,,10.04.2025,amp_evl_2024_20250410_UTF-8.csv,EVL Pražská pole - Druh: èolek velký,Ano,Ano,"VOJAR, J.; JEØÁBKOVÁ, L.  (2024). Metodika sledování a vyhodnocení stavu pøedmìtu ochrany EVL - Obojživelníci. 17 s.",,,,èolek velký,,,,,
EVL Pražská pole,30.04.2022,10.04.2025,21.07.2024,špatný,setrvalý,nevalidováno - k validaci,RP SCHKO Slavkovský les,Krajský úøad Ústeckého kraje,,Druh,EVL,,,,,10.04.2025,amp_evl_2024_20250410_UTF-8.csv,EVL Pražská pole - Druh: kuòka obecná,Ano,Ano,"VOJAR, J.; JEØÁBKOVÁ, L.  (2024). Metodika sledování a vyhodnocení stavu pøedmìtu ochrany EVL - Obojživelníci. 17 s.",,,,kuòka obecná,,,,,
EVL Pøísnotický les,14.05.2023,28.07.2025,14.05.2023,zhoršený,setrvalý,validováno,RP Jižní Morava,Krajský úøad Jihomoravského kraje,,Druh,EVL,,,"Slavík Petr, Mgr. (petr.slavik)",,28.07.2025,amp_evl_2024_20250728_UTF-8.csv,EVL Pøísnotický les - Druh: kuòka obecná,Ano,Ano,,,,,kuòka obecná,,,,,
EVL Radomilická mokøina,13.04.2023,10.04.2025,16.05.2024,dobrý,neznámý,validováno,RP Jižní Èechy,Krajský úøad Jihoèeského kraje,,Druh,EVL,,,"Hanè Zdenìk, Mgr. (zdenek.hanc)",,23.05.2025,amp_evl_2024_20250523_UTF-8.csv,EVL Radomilická mokøina - Druh: kuòka obecná,Ano,Ano,"VOJAR, J.; JEØÁBKOVÁ, L.  (2024). Metodika sledování a vyhodnocení stavu pøedmìtu ochrany EVL - Obojživelníci. 17 s.",,,,kuòka obecná,,,,,
EVL Rakšické louky,03.05.2022,28.07.2025,15.07.2024,špatný,setrvalý,validováno,RP Jižní Morava,Krajský úøad Jihomoravského kraje,,Druh,EVL,,,"Slavík Petr, Mgr. (petr.slavik)",,28.07.2025,amp_evl_2024_20250728_UTF-8.csv,EVL Rakšické louky - Druh: èolek velký,Ano,Ano,,,,,èolek velký,,,,,
EVL Rakšické louky,23.04.2022,28.07.2025,15.07.2024,dobrý,setrvalý,validováno,RP Jižní Morava,Krajský úøad Jihomoravského kraje,,Druh,EVL,,,"Slavík Petr, Mgr. (petr.slavik)",,28.07.2025,amp_evl_2024_20250728_UTF-8.csv,EVL Rakšické louky - Druh: kuòka obecná,Ano,Ano,,,,,kuòka obecná,,,,,
EVL Rašeliništì Radlice,15.05.2022,10.04.2025,24.07.2024,špatný,zhoršující se,nevalidováno - k validaci,RP Jižní Èechy,Krajský úøad Jihoèeského kraje,,Druh,EVL,,,,,23.05.2025,amp_evl_2024_20250523_UTF-8.csv,EVL Rašeliništì Radlice - Druh: èolek velký,Ano,Ano,"VOJAR, J.; JEØÁBKOVÁ, L.  (2024). Metodika sledování a vyhodnocení stavu pøedmìtu ochrany EVL - Obojživelníci. 17 s.",,,,èolek velký,,,,,
EVL Rašelinné jezírko Rosièka,15.05.2022,10.04.2025,03.08.2024,špatný,zhoršující se,nevalidováno - k validaci,RP Vysoèina,Krajský úøad kraje Vysoèina,,Druh,EVL,,,"Matrková Jana, Mgr., Ph.D. (jana.matrkova)",,10.04.2025,amp_evl_2024_20250410_UTF-8.csv,EVL Rašelinné jezírko Rosièka - Druh: èolek velký,Ano,Ano,"VOJAR, J.; JEØÁBKOVÁ, L.  (2024). Metodika sledování a vyhodnocení stavu pøedmìtu ochrany EVL - Obojživelníci. 17 s.","Lokalitu jsme v daném období nenavštívili. Podle nálezù v NDOP skuteènì došlo ke zhoršení kvality vody, ale byli zde potvrzeni dospìlci i larvy. Je otázka zda je adekvátním hodnocením stav ""zhoršený"", nebo ""špatný"".",,,èolek velký,,,,,
EVL Rožmitál pod Tøemšínem,01.01.2020,06.10.2025,30.10.2020,zhoršený,setrvalý,validováno,RP Støední Èechy,Krajský úøad Støedoèeského kraje,"Souèek Michal, Mgr. (michal.soucek)",Druh,EVL,,,"Souèek Michal, Mgr. (michal.soucek)",,08.09.2025,amp_evl_2024_20250908_UTF-8.csv,EVL Rožmitál pod Tøemšínem - Druh: èolek velký,Ano,Ano,,"FISCHEROVÁ, L. (2021). Sledování stavu obojživelníkù a plazù - EVL Rožmitál pod Tøemšínem: Závìreèná zpráva. 14 s. Inventarizaèní prùzkum.",,,èolek velký,,,,,
EVL Rybník Starý u Líchov,04.05.2022,08.09.2025,05.07.2024,dobrý,setrvalý,nevalidováno - k validaci,RP Støední Èechy,Krajský úøad Støedoèeského kraje,,Druh,EVL,,,,,08.09.2025,amp_evl_2024_20250908_UTF-8.csv,EVL Rybník Starý u Líchov - Druh: kuòka obecná,Ano,Ano,,,,,kuòka obecná,,,,,
EVL Rybník Voèert a Lazy,01.01.2021,06.10.2025,30.10.2021,zhoršený,zhoršující se,validováno,RP Støední Èechy,Krajský úøad Støedoèeského kraje,"Souèek Michal, Mgr. (michal.soucek)",Druh,EVL,,,"Souèek Michal, Mgr. (michal.soucek)",,16.05.2024,amp_evl_202320240511_UTF-8.csv,EVL Rybník Voèert a Lazy - Druh: kuòka obecná,Ano,Ano,,"FISCHER, L.; FISCHER, D. (2021). Sledování stavu obojživelníkù a plazù - EVL Rybník Voèert a Lazy: Závìreèná zpráva. 10 s. Inventarizaèní prùzkum",,,kuòka obecná,,,,,
EVL Rybník Voèert a Lazy,01.05.2022,08.09.2025,24.06.2024,dobrý,setrvalý,nevalidováno - k validaci,RP Støední Èechy,Krajský úøad Støedoèeského kraje,,Druh,EVL,,,,,08.09.2025,amp_evl_2024_20250908_UTF-8.csv,EVL Rybník Voèert a Lazy - Druh: kuòka obecná,Ano,Ano,,,,,kuòka obecná,,,,,
EVL Rybníky u Lovìtína,16.05.2022,10.04.2025,28.07.2024,špatný,zhoršující se,nevalidováno - k validaci,RP Jižní Èechy,Krajský úøad Jihoèeského kraje,,Druh,EVL,,,,,23.05.2025,amp_evl_2024_20250523_UTF-8.csv,EVL Rybníky u Lovìtína - Druh: èolek velký,Ano,Ano,"VOJAR, J.; JEØÁBKOVÁ, L.  (2024). Metodika sledování a vyhodnocení stavu pøedmìtu ochrany EVL - Obojživelníci. 17 s.",,,,èolek velký,,,,,
EVL Rybníky u Rudolce,03.05.2022,10.04.2025,19.05.2024,špatný,neznámý,validováno,RP Vysoèina,Krajský úøad kraje Vysoèina,,Druh,EVL,,,"Matrková Jana, Mgr., Ph.D. (jana.matrkova)",,10.04.2025,amp_evl_2024_20250410_UTF-8.csv,EVL Rybníky u Rudolce - Druh: kuòka obecná,Ano,Ano,"VOJAR, J.; JEØÁBKOVÁ, L.  (2024). Metodika sledování a vyhodnocení stavu pøedmìtu ochrany EVL - Obojživelníci. 17 s.",,,,kuòka obecná,,,,,
EVL Rybníky V Pouštích,28.04.2022,10.04.2025,02.07.2024,špatný,setrvalý,validováno,RP Vysoèina,Krajský úøad kraje Vysoèina,,Druh,EVL,,,"Matrková Jana, Mgr., Ph.D. (jana.matrkova)",,10.04.2025,amp_evl_2024_20250410_UTF-8.csv,EVL Rybníky V Pouštích - Druh: kuòka obecná,Ano,Ano,"VOJAR, J.; JEØÁBKOVÁ, L.  (2024). Metodika sledování a vyhodnocení stavu pøedmìtu ochrany EVL - Obojživelníci. 17 s.",,,,kuòka obecná,,,,,
EVL Skalky,27.04.2022,28.07.2025,22.08.2024,špatný,zhoršující se,nevalidováno - chybná data,RP SCHKO Bílé Karpaty,Krajský úøad Zlínského kraje,"Veèeøa Petr, Mgr. (petr.vecera)",Druh,EVL,,,"Veèeøa Petr, Mgr. (petr.vecera)",,28.07.2025,amp_evl_2024_20250728_UTF-8.csv,EVL Skalky - Druh: kuòka obecná,Ano,Ano,"VOJAR, J.; JEØÁBKOVÁ, L.  (2024). Metodika sledování a vyhodnocení stavu pøedmìtu ochrany EVL - Obojživelníci. 17 s.",Trend: Setrvalý nebo mírnì se zlepšující,,,kuòka obecná,,,,,
EVL Slavkov,19.05.2022,08.09.2025,19.10.2024,dobrý,neznámý,nevalidováno - k validaci,RP Støední Èechy,Krajský úøad Støedoèeského kraje,,Druh,EVL,,,,,08.09.2025,amp_evl_2024_20250908_UTF-8.csv,EVL Slavkov - Druh: kuòka obecná,Ano,Ano,,,,,kuòka obecná,,,,,
EVL Soutok - Podluží,26.04.2022,28.07.2025,16.08.2024,zhoršený,setrvalý,validováno,RP Jižní Morava,"Krajský úøad Jihomoravského kraje, RP Jižní Morava",,Druh,EVL,,,"Slavík Petr, Mgr. (petr.slavik)",,28.07.2025,amp_evl_2024_20250728_UTF-8.csv,EVL Soutok - Podluží - Druh: èolek dunajský,Ano,Ano,,,,,èolek dunajský,,,,,
EVL Soutok - Podluží,26.04.2022,28.07.2025,16.08.2024,dobrý,setrvalý,validováno,RP Jižní Morava,"Krajský úøad Jihomoravského kraje, RP Jižní Morava",,Druh,EVL,,,"Slavík Petr, Mgr. (petr.slavik)",,28.07.2025,amp_evl_2024_20250728_UTF-8.csv,EVL Soutok - Podluží - Druh: kuòka obecná,Ano,Ano,,,,,kuòka obecná,,,,,
EVL Stará Èervená Voda - lesní komplex,04.05.2022,28.07.2025,17.06.2024,špatný,setrvalý,nevalidováno - k validaci,RP Olomoucko,Krajský úøad Olomouckého kraje,,Druh,EVL,,,,,28.07.2025,amp_evl_2024_20250728_UTF-8.csv,EVL Stará Èervená Voda - lesní komplex - Druh: kuòka žlutobøichá,Ano,Ano,,,,,kuòka žlutobøichá,,,,,
EVL Staré hliništì,28.04.2022,28.07.2025,04.07.2024,dobrý,zhoršující se,validováno,RP Moravskoslezské,Krajský úøad Moravskoslezského kraje,"Herzogová Klára, Ing. (klara.herzogova)",Druh,EVL,,,"Herzogová Klára, Ing. (klara.herzogova)",,28.07.2025,amp_evl_2024_20250728_UTF-8.csv,EVL Staré hliništì - Druh: èolek velký,Ano,Ano,,"Stav dobrý na základì výskytu druhu by mohl zùstat, bohužel lokalita dlouhodobì vysychá a na vodì èasto zùstává pouze jedna nejhlubší tùò. Tùnì jsou také zastínìné. Se zlepšujícím se trendem nesouhlasím a zmìnila jsem jej na zhoršující se.  Parametr Ztráta vodních biotopù a Vysychání vodních ploch není dobrý.",,,èolek velký,,,,,
EVL Stonáè,27.04.2022,28.07.2025,23.08.2024,dobrý,setrvalý,validováno,RP SCHKO Bílé Karpaty,Krajský úøad Zlínského kraje,"Veèeøa Petr, Mgr. (petr.vecera)",Druh,EVL,,,"Veèeøa Petr, Mgr. (petr.vecera)",,28.07.2025,amp_evl_2024_20250728_UTF-8.csv,EVL Stonáè - Druh: kuòka obecná,Ano,Ano,"VOJAR, J.; JEØÁBKOVÁ, L.  (2024). Metodika sledování a vyhodnocení stavu pøedmìtu ochrany EVL - Obojživelníci. 17 s.",,,,kuòka obecná,,,,,
EVL Strádovský rybník,19.05.2022,10.04.2025,18.07.2024,špatný,setrvalý,validováno,RP SCHKO Èeské støedohoøí,Krajský úøad Ústeckého kraje,,Druh,EVL,,,"Bìlohoubek Jiøí, Mgr. (jiri.belohoubek)",,10.04.2025,amp_evl_2024_20250410_UTF-8.csv,EVL Strádovský rybník - Druh: kuòka obecná,Ano,Ano,"VOJAR, J.; JEØÁBKOVÁ, L.  (2024). Metodika sledování a vyhodnocení stavu pøedmìtu ochrany EVL - Obojživelníci. 17 s.",,,,kuòka obecná,,,,,
EVL Støelická bažinka,16.04.2022,28.07.2025,01.07.2024,dobrý,zlepšující se,validováno,RP Jižní Morava,Krajský úøad Jihomoravského kraje,,Druh,EVL,,,"Slavík Petr, Mgr. (petr.slavik)",,28.07.2025,amp_evl_2024_20250728_UTF-8.csv,EVL Støelická bažinka - Druh: èolek velký,Ano,Ano,,,,,èolek velký,,,,,
EVL Støížovice,30.04.2022,28.07.2025,22.06.2024,dobrý,setrvalý,nevalidováno - chybná data,RP SCHKO Bílé Karpaty,Krajský úøad Zlínského kraje,"Veèeøa Petr, Mgr. (petr.vecera)",Druh,EVL,,,"Veèeøa Petr, Mgr. (petr.vecera)",,28.07.2025,amp_evl_2024_20250728_UTF-8.csv,EVL Støížovice - Druh: kuòka obecná,Ano,Ano,"VOJAR, J.; JEØÁBKOVÁ, L.  (2024). Metodika sledování a vyhodnocení stavu pøedmìtu ochrany EVL - Obojživelníci. 17 s.","Trend je sice ""setrvalý"", ale reálnì se mírnì zhoršuje - riziko eutrofizace vod i vlivem rybáøù - nelegální krmení ve velkém objemu (nákladní vozy s obilovinami sypou krmení pøímo do litorálu na okraji vodní plochy).V pøípadì dalších ploch EVL mimo biotopy pøedmìtu ochrany se však jedná o jednoznaènì zhoršující se trend. Vypouštìní odpadních vod z místního zemìï. podniku. Jedná se o nápravì (plán na ÈOV)",,,kuòka obecná,,,,,
EVL Suchá Rudná - zlatý lom,11.05.2022,28.07.2025,23.05.2024,špatný,neznámý,nevalidováno - k validaci,RP Olomoucko,RP Olomoucko,,Druh,EVL,,,,,28.07.2025,amp_evl_2024_20250728_UTF-8.csv,EVL Suchá Rudná - zlatý lom - Druh: èolek velký,Ano,Ano,,,,,èolek velký,,,,,
EVL Suchdolský rybník,01.01.2021,06.10.2025,30.10.2021,dobrý,setrvalý,validováno,RP Støední Èechy,Krajský úøad Støedoèeského kraje,"Souèek Michal, Mgr. (michal.soucek)",Druh,EVL,,,"Souèek Michal, Mgr. (michal.soucek)",,16.05.2024,amp_evl_202320240511_UTF-8.csv,EVL Suchdolský rybník - Druh: èolek velký.,Ano,Ano,,"VOJAR, J. (2021). Sledování stavu obojživelníkù a plazù - EVL Suchdolský rybník: Závìreèná zpráva. 14 s. Inventarizaèní prùzkum.",,,èolek velký,,,,,
EVL Suchdolský rybník,14.05.2022,08.09.2025,17.06.2024,zhoršený,zhoršující se,nevalidováno - k validaci,RP Støední Èechy,Krajský úøad Støedoèeského kraje,,Druh,EVL,,,,,08.09.2025,amp_evl_2024_20250908_UTF-8.csv,EVL Suchdolský rybník - Druh: èolek velký,Ano,Ano,,,,,èolek velký,,,,,
EVL Šáchovec,01.01.2024,08.09.2025,31.12.2024,špatný,zhoršující se,validováno,RP Støední Èechy,Krajský úøad Støedoèeského kraje,"Souèek Michal, Mgr. (michal.soucek)",Druh,EVL,,,"Souèek Michal, Mgr. (michal.soucek)",,08.09.2025,amp_evl_2024_20250908_UTF-8.csv,EVL Šáchovec - Druh: kuòka obecná,Ano,Ano,,"PYRIH, J. (2024). Sledování stavu obojživelníkù a plazù - EVL Šáchovec. 13 s.",,,kuòka obecná,,,,,
EVL Šilhánky,03.05.2022,10.04.2025,15.10.2024,dobrý,setrvalý,validováno,RP Vysoèina,Krajský úøad kraje Vysoèina,,Druh,EVL,,,"Matrková Jana, Mgr., Ph.D. (jana.matrkova)",,10.04.2025,amp_evl_2024_20250410_UTF-8.csv,EVL Šilhánky - Druh: kuòka obecná,Ano,Ano,"VOJAR, J.; JEØÁBKOVÁ, L.  (2024). Metodika sledování a vyhodnocení stavu pøedmìtu ochrany EVL - Obojživelníci. 17 s.",,,,kuòka obecná,,,,,
EVL Šumické rybníky,17.05.2022,28.07.2025,20.07.2024,špatný,setrvalý,validováno,RP Jižní Morava,Krajský úøad Jihomoravského kraje,,Druh,EVL,,,"Slavík Petr, Mgr. (petr.slavik)",,28.07.2025,amp_evl_2024_20250728_UTF-8.csv,EVL Šumické rybníky - Druh: kuòka obecná,Ano,Ano,,,,,kuòka obecná,,,,,
EVL Tábor - Zahrádka,04.05.2022,10.04.2025,09.06.2024,dobrý,zlepšující se,validováno,RP Jižní Èechy,Krajský úøad Jihoèeského kraje,,Druh,EVL,,,"Hanè Zdenìk, Mgr. (zdenek.hanc)",,23.05.2025,amp_evl_2024_20250523_UTF-8.csv,EVL Tábor - Zahrádka - Druh: kuòka obecná,Ano,Ano,"VOJAR, J.; JEØÁBKOVÁ, L.  (2024). Metodika sledování a vyhodnocení stavu pøedmìtu ochrany EVL - Obojživelníci. 17 s.",,,,kuòka obecná,,,,,
EVL Tasovický lom,18.05.2022,28.07.2025,01.08.2024,špatný,zhoršující se,validováno,RP Jižní Morava,Krajský úøad Jihomoravského kraje,,Druh,EVL,,,"Slavík Petr, Mgr. (petr.slavik)",,28.07.2025,amp_evl_2024_20250728_UTF-8.csv,EVL Tasovický lom - Druh: èolek dravý,Ano,Ano,,,,,èolek dravý,,,,,
EVL Trávní dvùr,01.06.2022,28.07.2025,18.08.2024,dobrý,neznámý,validováno,RP Jižní Morava,Krajský úøad Jihomoravského kraje,,Druh,EVL,,,"Slavík Petr, Mgr. (petr.slavik)",,28.07.2025,amp_evl_2024_20250728_UTF-8.csv,EVL Trávní dvùr - Druh: kuòka obecná,Ano,Ano,,,,,kuòka obecná,,,,,
EVL Týnecké mokøiny,01.01.2020,06.10.2025,30.10.2020,dobrý,setrvalý,validováno,RP Støední Èechy,Krajský úøad Støedoèeského kraje,"Souèek Michal, Mgr. (michal.soucek)",Druh,EVL,,,"Souèek Michal, Mgr. (michal.soucek)",,16.05.2024,amp_evl_202320240511_UTF-8.csv,EVL Týnecké mokøiny - Druh: kuòka obecná,Ano,Ano,,"HOLER, T. (2020). Sledování stavu obojživelníkù a plazù - EVL Týnecké mokøiny: Závìreèná zpráva. 23 s. Inventarizaèní prùzkum.",,,kuòka obecná,,,,,
EVL Týnecké mokøiny,15.05.2022,08.09.2025,12.07.2024,dobrý,setrvalý,nevalidováno - k validaci,RP Støední Èechy,Krajský úøad Støedoèeského kraje,,Druh,EVL,,,,,08.09.2025,amp_evl_2024_20250908_UTF-8.csv,EVL Týnecké mokøiny - Druh: kuòka obecná,Ano,Ano,,,,,kuòka obecná,,,,,
EVL U Borovné,03.05.2022,10.04.2025,10.07.2023,špatný,setrvalý,nevalidováno - k validaci,RP Vysoèina,Krajský úøad kraje Vysoèina,,Druh,EVL,,,"Matrková Jana, Mgr., Ph.D. (jana.matrkova)",,10.04.2025,amp_evl_2024_20250410_UTF-8.csv,EVL U Borovné - Druh: kuòka obecná,Ano,Ano,"VOJAR, J.; JEØÁBKOVÁ, L.  (2024). Metodika sledování a vyhodnocení stavu pøedmìtu ochrany EVL - Obojživelníci. 17 s.","Dle mé zkušenosti není stav kuòky na lokalitì ideální, neoznaèila bych ho ale pøímo za špatný. Ve sledovaném období jsme tam já i Jan Koláø slyšeli i desítky samcù. Možná by pøesnìjší bylo stav ""zhoršený""",,,kuòka obecná,,,,,
EVL U Huberta,03.05.2023,28.07.2025,22.08.2024,zhoršený,zhoršující se,validováno,RP Jižní Morava,Krajský úøad Jihomoravského kraje,,Druh,EVL,,,"Slavík Petr, Mgr. (petr.slavik)",,28.07.2025,amp_evl_2024_20250728_UTF-8.csv,EVL U Huberta - Druh: èolek velký,Ano,Ano,,,,,èolek velký,,,,,
EVL Údolí Bánovského potoka,19.05.2023,28.07.2025,16.06.2024,špatný,neznámý,nevalidováno - k validaci,RP SCHKO Bílé Karpaty,Krajský úøad Zlínského kraje,"Veèeøa Petr, Mgr. (petr.vecera)",Druh,EVL,,,"Veèeøa Petr, Mgr. (petr.vecera)",,28.07.2025,amp_evl_2024_20250728_UTF-8.csv,EVL Údolí Bánovského potoka - Druh: kuòka žlutobøichá,Ano,Ano,"VOJAR, J.; JEØÁBKOVÁ, L.  (2024). Metodika sledování a vyhodnocení stavu pøedmìtu ochrany EVL - Obojživelníci. 17 s.",Trend_ setrvalý nebo se zhoršuje,,,kuòka žlutobøichá,,,,,
EVL Újezdec,09.05.2022,10.04.2025,08.08.2024,dobrý,zlepšující se,validováno,RP Jižní Èechy,Krajský úøad Jihoèeského kraje,,Druh,EVL,,,"Hanè Zdenìk, Mgr. (zdenek.hanc)",,23.05.2025,amp_evl_2024_20250523_UTF-8.csv,EVL Újezdec - Druh: kuòka obecná,Ano,Ano,"VOJAR, J.; JEØÁBKOVÁ, L.  (2024). Metodika sledování a vyhodnocení stavu pøedmìtu ochrany EVL - Obojživelníci. 17 s.",,,,kuòka obecná,,,,,
EVL Úvalský rybník,23.04.2022,28.07.2025,23.06.2024,dobrý,setrvalý,validováno,RP Jižní Morava,Krajský úøad Jihomoravského kraje,,Druh,EVL,,,"Slavík Petr, Mgr. (petr.slavik)",,28.07.2025,amp_evl_2024_20250728_UTF-8.csv,EVL Úvalský rybník - Druh: kuòka obecná,Ano,Ano,,,,,kuòka obecná,,,,,
EVL V Kopaninách,28.05.2023,10.04.2025,18.07.2024,dobrý,setrvalý,validováno,RP Vysoèina,Krajský úøad kraje Vysoèina,,Druh,EVL,,,"Matrková Jana, Mgr., Ph.D. (jana.matrkova)",,10.04.2025,amp_evl_2024_20250410_UTF-8.csv,EVL V Kopaninách - Druh: kuòka obecná,Ano,Ano,"VOJAR, J.; JEØÁBKOVÁ, L.  (2024). Metodika sledování a vyhodnocení stavu pøedmìtu ochrany EVL - Obojživelníci. 17 s.",,,,kuòka obecná,,,,,
EVL Václavovice - pískovna,15.05.2022,28.07.2025,25.08.2024,dobrý,zhoršující se,validováno,RP Moravskoslezské,Krajský úøad Moravskoslezského kraje,"Herzogová Klára, Ing. (klara.herzogova)",Druh,EVL,,,"Herzogová Klára, Ing. (klara.herzogova)",,28.07.2025,amp_evl_2024_20250728_UTF-8.csv,EVL Václavovice - pískovna - Druh: èolek velký,Ano,Ano,,"Trend zmìnìn na zhoršující se. Poèet èolkù velkých je zatím v dobrém stavu, stanovištì zaniká - tùnì jsou zastínìné, zazemnìné, zarùstají a v pozdním létì pøi vývoji larev je vìtšina vyschlá. V území je navezen odpad.",,,èolek velký,,,,,
EVL Vápenické jezero,03.05.2022,08.09.2025,05.07.2024,dobrý,setrvalý,nevalidováno - k validaci,RP Støední Èechy,,,Druh,EVL,,,,,08.09.2025,amp_evl_2024_20250908_UTF-8.csv,EVL Vápenické jezero - Druh: kuòka obecná,Ano,Ano,,,,,kuòka obecná,,,,,
EVL Velický hliník,24.04.2022,28.07.2025,20.07.2024,špatný,neznámý,nevalidováno - k validaci,RP SCHKO Bílé Karpaty,Krajský úøad Jihomoravského kraje,,Druh,EVL,,,,,28.07.2025,amp_evl_2024_20250728_UTF-8.csv,EVL Velický hliník - Druh: kuòka žlutobøichá,Ano,Ano,,,,,kuòka žlutobøichá,,,,,
EVL Velký Raputovský rybník,07.05.2022,08.09.2025,26.06.2024,dobrý,setrvalý,nevalidováno - k validaci,RP Støední Èechy,Krajský úøad Støedoèeského kraje,,Druh,EVL,,,,,08.09.2025,amp_evl_2024_20250908_UTF-8.csv,EVL Velký Raputovský rybník - Druh: èolek velký,Ano,Ano,,,,,èolek velký,,,,,
EVL Velký Raputovský rybník,01.05.2022,08.09.2025,26.06.2024,špatný,zhoršující se,nevalidováno - k validaci,RP Støední Èechy,Krajský úøad Støedoèeského kraje,,Druh,EVL,,,,,08.09.2025,amp_evl_2024_20250908_UTF-8.csv,EVL Velký Raputovský rybník - Druh: kuòka obecná,Ano,Ano,,,,,kuòka obecná,,,,,
EVL Vetelské rybníky,20.05.2022,10.04.2025,19.06.2024,dobrý,zlepšující se,nevalidováno - k validaci,RP Vysoèina,RP Vysoèina,,Druh,EVL,,,,,10.04.2025,amp_evl_2024_20250410_UTF-8.csv,EVL Vetelské rybníky - Druh: kuòka obecná,Ano,Ano,"VOJAR, J.; JEØÁBKOVÁ, L.  (2024). Metodika sledování a vyhodnocení stavu pøedmìtu ochrany EVL - Obojživelníci. 17 s.",,,,kuòka obecná,,,,,
EVL Vlèkovice - Dubský rybník,01.01.2021,08.09.2025,31.12.2021,zhoršený,zhoršující se,validováno,RP Støední Èechy,Krajský úøad Støedoèeského kraje,"Souèek Michal, Mgr. (michal.soucek)",Druh,EVL,,,"Souèek Michal, Mgr. (michal.soucek)",,08.09.2025,amp_evl_2024_20250908_UTF-8.csv,EVL Vlèkovice - Dubský rybník - Druh: kuòka obecná.,Ano,Ano,,"VOJAR, J. (2021). Sledování stavu obojživelníkù a plazù - EVL Vlèkovice - Dubský rybník: Závìreèná zpráva. 11 s. Inventarizaèní prùzkum. ",,,kuòka obecná,,,,,
EVL Vrbenské rybníky,02.05.2022,10.04.2025,12.06.2024,špatný,neznámý,nevalidováno - k validaci,RP Jižní Èechy,Krajský úøad Jihoèeského kraje,,Druh,EVL,,,,,23.05.2025,amp_evl_2024_20250523_UTF-8.csv,EVL Vrbenské rybníky - Druh: kuòka obecná,Ano,Ano,"VOJAR, J.; JEØÁBKOVÁ, L.  (2024). Metodika sledování a vyhodnocení stavu pøedmìtu ochrany EVL - Obojživelníci. 17 s.",,,,kuòka obecná,,,,,
EVL Vrbovecký rybník,04.05.2022,28.07.2025,26.06.2024,dobrý,zlepšující se,validováno,RP Jižní Morava,Krajský úøad Jihomoravského kraje,,Druh,EVL,,,"Slavík Petr, Mgr. (petr.slavik)",,28.07.2025,amp_evl_2024_20250728_UTF-8.csv,EVL Vrbovecký rybník - Druh: kuòka obecná,Ano,Ano,,,,,kuòka obecná,,,,,
EVL Vypálenky,15.04.2022,28.07.2025,17.07.2024,špatný,neznámý,nevalidováno - k validaci,RP SCHKO Bílé Karpaty,Krajský úøad Jihomoravského kraje,,Druh,EVL,,,,,28.07.2025,amp_evl_2024_20250728_UTF-8.csv,EVL Vypálenky - Druh: èolek dunajský,Ano,Ano,,,,,èolek dunajský,,,,,
EVL Vypálenky,22.05.2022,28.07.2025,06.04.2024,dobrý,neznámý,nevalidováno - k validaci,RP SCHKO Bílé Karpaty,Krajský úøad Jihomoravského kraje,,Druh,EVL,,,,,28.07.2025,amp_evl_2024_20250728_UTF-8.csv,EVL Vypálenky - Druh: kuòka obecná,Ano,Ano,,,,,kuòka obecná,,,,,
EVL Zlaté Hory - Zlaté jezero,30.04.2022,28.07.2025,31.07.2024,špatný,zhoršující se,nevalidováno - k validaci,RP Olomoucko,Krajský úøad Olomouckého kraje,,Druh,EVL,,,,,28.07.2025,amp_evl_2024_20250728_UTF-8.csv,EVL Zlaté Hory - Zlaté jezero - Druh: kuòka žlutobøichá,Ano,Ano,,,,,kuòka žlutobøichá,,,,,
EVL Znìtínské rybníky,29.04.2022,10.04.2025,18.05.2024,špatný,neznámý,validováno,RP Vysoèina,Krajský úøad kraje Vysoèina,,Druh,EVL,,,"Matrková Jana, Mgr., Ph.D. (jana.matrkova)",,10.04.2025,amp_evl_2024_20250410_UTF-8.csv,EVL Znìtínské rybníky - Druh: kuòka obecná,Ano,Ano,"VOJAR, J.; JEØÁBKOVÁ, L.  (2024). Metodika sledování a vyhodnocení stavu pøedmìtu ochrany EVL - Obojživelníci. 17 s.",,,,kuòka obecná,,,,,
