PORADI;KOD_HABITAT;PRIORITA;NAZEV_HABITAT;KOD_TRIDA;NAZEV_TRIDA;NAZEV_HABITAT_ANG;ID_ZDROJ;ZDROJ;POPIS
1;1340;p;Vnitrozemské slané louky;N03;Slaniska, slané louky, slané stepi;Inland salt meadows;385;CHYTRİ, M., KUÈERA, T., KOÈÍ, M. (eds.) et al. (2010). Katalog biotopù Èeské republiky. 2.upr. a rozš. vyd. Praha: Agentura ochrany pøírody a krajiny ÈR. 445 s. ISBN 978-80-87457-03-0.;Otevøené i zapojené travino-bylinné mokøady, luèní porosty a pastviny. Vyskytují se na zasolenıch pùdách, které mají nejvìtší koncentraci solí v hloubce 25-30 cm pod povrchem, kde se soustøeïují koloidní èástice a humusové látky. Vrchní pùdní horizont je silnì vyluhovanı. Reakce pùdy je vysoká, pH dosahuje hodnot 11. V terénních depresích po odpaøení vody na povrchu krystalizuje sùl. Jsou diagnostikovány vıskytem halofytù, na zasolení adaptovanıch druhù rostlin. Mechové patro zpravidla chybí.
2;2330;n;Otevøené trávníky kontinentálních dun s palièkovcem (Corynephorus) a psineèkem (Agrostis);N04;Pobøení duny, písèité pláe, Machair;Inland dunes with open Corynephorus and Agrostis grasslands;385;CHYTRİ, M., KUÈERA, T., KOÈÍ, M. (eds.) et al. (2010). Katalog biotopù Èeské republiky. 2.upr. a rozš. vyd. Praha: Agentura ochrany pøírody a krajiny ÈR. 445 s. ISBN 978-80-87457-03-0.;Suché písèiny v oblastech vátıch pískù a kvádrovıch pískovcù, jejich pøirozenou vegetací by byly acidofilní doubravy. Písky mohou bıt jak zcela chudé ivinami, tak i s obsahem bází, zejména karbonátù. Vzácnì se analogická vegetace vyskytuje i na jinıch substrátech, jako jsou bøidlice, štìrky nebo škvára. Rostliny èasto koøení pøímo v písku, buï surovém, nebo promíšeném s humusem, pøípadnì v primitivní pùdì typu regozem.  Porosty se udrují jak díky mechanickému narušování zahrnujícímu celou škálu zásahù od vìtrné eroze, pøes poáry a intenzivní pastvu a po tìbu písku, tak kvùli extrémnímu substrátu, kterı je silnì vysıchavı, chudı ivinami a jeho malá tepelná vodivost pùsobí kontrast pùdní teploty pøi povrchu a v hloubce. Primárními lokalitami jsou akumulace vátıch pískù ve formì pøesypù i plošnıch písèin, hrany písèitıch nebo štìrkopískovıch øíèních teras a vzácnìji plošiny pískovcovıch skal. Pestré spektrum sekundárních lokalit zahrnuje pískovny a štìrkovny, intravilány a periferie obcí, suché okraje lesù a svìtlá místa podél lesních cest, støelnice a tankodromy vojenskıch prostorù i další èlovìkem narušovaná místa v oblastech pískù.
3;3130;n;Oligotrofní a mezotrofní stojaté vody níinného a subalpínského stupnì kontinentální a alpínské oblasti a horskıch poloh jinıch oblastí, s vegetací tøíd Littorelletea uniflorae nebo Isoëto-Nanojuncetea;N06;Vnitrozemská vodní tìlesa (tekoucí vody, stojaté vody);Oligotrophic to mesotrophic standing waters with vegetation of the Littorelletea uniflorae and/or of the Isoëto-Nanojuncetea;385;CHYTRİ, M., KUÈERA, T., KOÈÍ, M. (eds.) et al. (2010). Katalog biotopù Èeské republiky. 2.upr. a rozš. vyd. Praha: Agentura ochrany pøírody a krajiny ÈR. 445 s. ISBN 978-80-87457-03-0.;Plochy s pøevahou jednoletıch rostlin a v období klíèení charakteristickıch druhù dobøe provlhèené. Nejèastìji jde o obnaená dna letnìnıch rybníkù, periodickıch tùní a mrtvıch ramen, bøehy pøehradních nádrí a pískoven s kolísající vıškou vodního sloupce, vzácnìji øíèní náplavy, mechanicky narušená a zaplavovaná místa v loukách, okraje slanisek, zamokøená pole a cesty. Substrátem je písek, štìrk, jíl nebo bahno s vysokım podílem organickıch látek a kyselou a mírnì bazickou reakcí. Dlouhodobìjší zaplavení není nezbytnou podmínkou rozvoje této vegetace, pøedstavuje však pro konkurenènì slabé jednoleté druhy vıhodu, nebo jejich vegetaèní cyklus je velmi krátkı a probìhne ještì pøed rozvojem vegetace s pøevahou vytrvalıch druhù. To je nejlépe splnìno u letnìnıch rybníkù. V mìlkıch nádrích pøetrvávají po opadu vody obvykle i vytrvalé bahenní a pobøení rostliny, zatímco porosty drobnıch jednoletıch druhù se vyvíjejí jen fragmentárnì.
4;3140;n;Tvrdé oligo-mezotrofní vody s bentickou vegetací paronatek;N06;Vnitrozemská vodní tìlesa (tekoucí vody, stojaté vody);Hard oligo-mesotrophic waters with benthic vegetation of Chara spp.;385;CHYTRİ, M., KUÈERA, T., KOÈÍ, M. (eds.) et al. (2010). Katalog biotopù Èeské republiky. 2.upr. a rozš. vyd. Praha: Agentura ochrany pøírody a krajiny ÈR. 445 s. ISBN 978-80-87457-03-0.;Jedná se o makroskopické øasy  paronatky (Chara), ponoøené pod vodní hladinou. Tìlo øas tvoøí stélka, která se svım tvarem podobá stonku a listùm cévnatıch rostlin. Stélka je na dnì pøichycená k podkladu pomocí rhizoidù. Spoleèenstva paronatek vytváøejí pøevánì homogenní zapojené porosty, které jsou buï nízkého vzrùstu (Charetum fragilis), nebo mohou prorùstat celı vodní sloupec a do vıše 2 metrù (Charetum hispidae). Spoleèenstva jsou druhovì velmi chudá èasto jednodruhová, konkurenènì jsou velmi slabá. Paronatky osidlují èisté toky, prameništì, periodické mokøady, ale pøedevším stojaté vody od velmi mìlkıch tùní a po hluboké jezera. V souèasnosti je èasto najdeme jako pionırská spoleèenstva v novıch antropogennì vzniklıch biotopech, jako napø. zaplavené lomy. Z hlediska pøítomnosti ivin vìtšina druhù preferuje oligotrofní – pøípadnì dystrofní a mezotrofní stanovištì. Nìkteré chary jsou však typické i pro eutrofní vody.
5;3150;n;Pøirozené eutrofní vodní nádre s vegetací typu Magnopotamion nebo Hydrocharition;N06;Vnitrozemská vodní tìlesa (tekoucí vody, stojaté vody);Natural euthrophic lakes with Magnopotamion or Hydrocharition-type vegetation;385;CHYTRİ, M., KUÈERA, T., KOÈÍ, M. (eds.) et al. (2010). Katalog biotopù Èeské republiky. 2.upr. a rozš. vyd. Praha: Agentura ochrany pøírody a krajiny ÈR. 445 s. ISBN 978-80-87457-03-0.;Porosty ponoøenıch nebo na hladinì plovoucích rostlin, které se buï ve vodì volnì vznášejí nebo jsou zakoøenìny v substrátu dna. Porosty jsou z hlediska struktury velmi rùznorodé. Mohou bıt jedno- a tøívrstevné. Øada druhù doèasnì vytváøí vrstvu nad vodní hladinou – jedná se buï o horní èásti kvìtonosnıch lodyh nebo o listy. Osidlují eutrofní a mezotrofní pøirozené a polopøirozené stojaté nebo pomalu tekoucí  vody s pH vìtším ne 6. Nìkdy tuto vegetaci najdeme v antropogenních nádrích v níinách a pahorkatinách.
6;3160;n;Pøirozená dystrofní jezera a tùnì;N06;Vnitrozemská vodní tìlesa (tekoucí vody, stojaté vody);Natural dystrophic lakes and ponds;385;CHYTRİ, M., KUÈERA, T., KOÈÍ, M. (eds.) et al. (2010). Katalog biotopù Èeské republiky. 2.upr. a rozš. vyd. Praha: Agentura ochrany pøírody a krajiny ÈR. 445 s. ISBN 978-80-87457-03-0.;Otevøená spoleèenstva, která se vyskytují v oligotrofních pøípadnì dystrofních vodách s pH 3-6,  jsou druhovì chudá a tvoøena pøevánì plovoucími druhy rodu Utricularia a mechorosty, popø. rdesty nebo zevarem nejmenším. Roztroušenì se vyskytují také nìkteré šáchorovité rostliny. Vyskytují se vzácnì v chladnìjších a vlhèích oblastech.
7;3220;n;Alpínské øeky a bylinná vegetace podél jejich bøehù;N06;Vnitrozemská vodní tìlesa (tekoucí vody, stojaté vody);Alpine rivers and the herbaceous vegetation along their banks;385;CHYTRİ, M., KUÈERA, T., KOÈÍ, M. (eds.) et al. (2010). Katalog biotopù Èeské republiky. 2.upr. a rozš. vyd. Praha: Agentura ochrany pøírody a krajiny ÈR. 445 s. ISBN 978-80-87457-03-0.;Jedná se o travinná, pøípadnì vysokobylinná dvoj- a trojvrstevná spoleèenstva, která jsou druhovì chudá díky pøevaze tøtiny pobøení a chrastice rákosovité. Stanovištì tvoøí štìrkopískové lavice a ostrùvky v korytech tokù, je jsou podmáèené a podemílané proudící vodou a na kterıch se støídá litorální a terestrická fáze. Tyto náplavy jsou vzhledem k rychlejšímu proudìní vody hrubozrnné, štìrkovité a kamenité. Jemnozem se akumuluje pouze mezi kameny, a nebo vytváøí na povrchu vrstvièku silnou nìkolik centimetrù. Porosty vytváøejí podél bøehù charakteristické lemy rùzné šíøky i délky.
8;3230;n;Alpínské øeky a jejich døevinná vegetace s idoviníkem nìmeckım (Myricaria germanica);N06;Vnitrozemská vodní tìlesa (tekoucí vody, stojaté vody);Alpine rivers and their ligneous vegetation with Myricaria germanica;385;CHYTRİ, M., KUÈERA, T., KOÈÍ, M. (eds.) et al. (2010). Katalog biotopù Èeské republiky. 2.upr. a rozš. vyd. Praha: Agentura ochrany pøírody a krajiny ÈR. 445 s. ISBN 978-80-87457-03-0.;Porosty idoviníku nìmeckého se vyskytují jen na mladıch nebo pravidelnì se obnovujících štìrkovıch náplavech v podbeskydskıch tocích. Vytváøí bylinné i keøovité porosty, v kterıch dominuje. Èasto bıvá doprovázen køovitımi vrbami (vrba lıkovcová, vrba šedá, vrba nachová), ale je citlivı na zastínìní.
9;3240;n;Alpínské øeky a jejich døevinná vegetace s vrbou šedou (Salix elaeagnos);N06;Vnitrozemská vodní tìlesa (tekoucí vody, stojaté vody);Alpine rivers and their ligneous vegetation with Salix elaeagnos;385;CHYTRİ, M., KUÈERA, T., KOÈÍ, M. (eds.) et al. (2010). Katalog biotopù Èeské republiky. 2.upr. a rozš. vyd. Praha: Agentura ochrany pøírody a krajiny ÈR. 445 s. ISBN 978-80-87457-03-0.;Vegetace køovitıch vrb na bøezích a štìrkovıch náplavech tokù vytváøí více nebo ménì uzavøené porosty dosahující vıšky 2–5 m. Sloení bylinného patra je zpravidla velmi rùznorodé. Uplatòují se druhy rùznıch ekologickıch nárokù vèetnì druhù vlhkomilnıch, druhù nitrofilní bylinné vegetace i druhù ruderálních. Mechové patro ve vìtšinì porostù chybí. Osidlují bøehy øek a vìtších potokù od níin do podhùøí a štìrkové náplavy na støedních a horních tocích. Vrbové køoviny jsou vystaveny mechanickému pùsobení silného vodního proudu, kterı omezuje rozvoj stromové vegetace. U divokıch podhorskıch tokù bıvá vegetace poškozována hrubozrnnım štìrkem pøemísovanım pøi povodních. Pùdy jsou pøevánì slabì vyvinuté. Porosty nesnášejí vìtší zastínìní.
10;3260;n;Níinné a horské vodní toky s vegetací svazù Ranunculion fluitantis a Callitricho-Batrachion;N06;Vnitrozemská vodní tìlesa (tekoucí vody, stojaté vody);Water courses of plain to montane levels with the Ranunculion fluitantis and Callitricho-Batrachion vegetation;385;CHYTRİ, M., KUÈERA, T., KOÈÍ, M. (eds.) et al. (2010). Katalog biotopù Èeské republiky. 2.upr. a rozš. vyd. Praha: Agentura ochrany pøírody a krajiny ÈR. 445 s. ISBN 978-80-87457-03-0.;Druhovì chudá spoleèenstva vodních makrofyt, která osidlují koryta tekoucích vod (potoky, níinné øeky, vzácnìji horní úseky tokù) pøípadnì periodicky prùtoèné toky. Jedno a dvojvrstevné porosty jsou tvoøeny pøedevším ponoøenımi nebo èásteènì na hladinì plovoucími druhy koøenujícími ve dnì. Síla vodního proudu mùe bìhem roku vıraznì ovlivnit horizontální rozloení porostù. Hodnì druhù je morfologicky promìnlivıch v závislosti na vıšce vodního sloupce a intenzitì proudìní. Nejèastìji najdeme lakušníky, rdesty, mechorosty a øasy. Jednotka je rozšíøená od níinného do montánního stupnì.
11;3270;n;Bahnité bøehy øek s vegetací svazù Chenopodion rubri p. p. a Bidention p. p.;N06;Vnitrozemská vodní tìlesa (tekoucí vody, stojaté vody);Rivers with muddy banks with Chenopodion rubri p.p. and Bidention p.p. vegetation;385;CHYTRİ, M., KUÈERA, T., KOÈÍ, M. (eds.) et al. (2010). Katalog biotopù Èeské republiky. 2.upr. a rozš. vyd. Praha: Agentura ochrany pøírody a krajiny ÈR. 445 s. ISBN 978-80-87457-03-0.;Pionırské porosty jednoletıch bylin se vyvíjí na obnaenıch bahnitıch a píseènıch náplavech tekoucích vod, zejména v zátoèinách nebo i v mrtvıch ramenech. Podmínkou pro vznik náplavù je eroznì-akumulaèní èinnost øek, ta se projevuje pøedevším na neregulovanıch tocích. Jeliko jsou tato spoleèenstva závislá na dobì a délce obnaení bøehu, resp. délce a intenzitì záplav, nemusí se utváøet kadı rok a jsou velmi promìnlivé druhovì i fyziologicky. Optimum vıvoje dosahují a v druhé polovinì vegetaèního období.
12;40A0;p;Kontinentální opadavé køoviny ;N08;Vøesovištì, køoviny, makchie, garrigue, phrygana;Subcontinental peri-Pannonic scrub;385;CHYTRİ, M., KUÈERA, T., KOÈÍ, M. (eds.) et al. (2010). Katalog biotopù Èeské republiky. 2.upr. a rozš. vyd. Praha: Agentura ochrany pøírody a krajiny ÈR. 445 s. ISBN 978-80-87457-03-0.;Husté, nízké køoviny tvoøí zejména malolisté druhy skalníkù, tøešeò køovitá, mandloò nízká dále pak rùe, trnky a hloh. V podrostu pøevládají svìtlomilné a teplomilné byliny. Primárnì se vyskytují na strmìjších svazích s jiní expozicí a mìlkou pùdou, èasto na kontaktech se suchımi trávníky. Sekundární vıskyty vznikají sukcesí na neobhospodaøovanıch trávnících teplıch oblastí.
13;4030;n;Evropská suchá vøesovištì;N08;Vøesovištì, køoviny, makchie, garrigue, phrygana;European dry heaths;385;CHYTRİ, M., KUÈERA, T., KOÈÍ, M. (eds.) et al. (2010). Katalog biotopù Èeské republiky. 2.upr. a rozš. vyd. Praha: Agentura ochrany pøírody a krajiny ÈR. 445 s. ISBN 978-80-87457-03-0.;Vegetace drobnıch keøíèkù s pøevahou vøesu, v horskıch a podhorskıch polohách té s borùvkou a brusinkou, vzácnì s medvìdicí nebo s vøesovcem, v pahorkatinì jihozápadní Moravy i s kruèinkou chlupatou. Pøimíšeny jsou rùzné druhy trávy, ostøice a širokolistıch bylin, celkovì však jde o vegetaci druhovì chudou. Vıznamnì se uplatòují mechorosty a lišejníky. Primární vıskyty se nacházejí na skalních hranách a vıchozech ivinami chudıch hornin. Na zásaditıch horninách se vyskytují jen na odvápnìnıch pùdách. Sekundární vıskyty vznikají po odlesnìní na místech acidofilních doubrav, borovıch doubrav, acidofilních buèin, reliktních borù a smrèin. Pùdy jsou minerálnì chudé, mìlké nebo hlubší s vyluhovanım pùdním horizontem. Rozkladem opadu z keøíèkù dochází k okyselování pùdy. Pøi zastínìní tato svìtlomilná vegetace rychle ustupuje, proto je tøeba zvláštì sekundární lokality obhospodaøovat (vypalování, pastva).
14;4060;n;Alpínská a boreální vøesovištì;N08;Vøesovištì, køoviny, makchie, garrigue, phrygana;Alpine and Boreal heaths;385;CHYTRİ, M., KUÈERA, T., KOÈÍ, M. (eds.) et al. (2010). Katalog biotopù Èeské republiky. 2.upr. a rozš. vyd. Praha: Agentura ochrany pøírody a krajiny ÈR. 445 s. ISBN 978-80-87457-03-0.;Rùznì zapojené, druhovì chudé porosty nízkıch keøíèkù primárních stanoviš v subalpínském a alpínském stupni, tvoøené pøedevším brusnicemi , vøesem obecnım a šichou oboupohlavnou, mezi nimi se vyskytují nìkteré druhy trav (metlièka køivolaká, tøtina chloupkatá a kostøava nízká). Osidlují mìlké a kamenité pùdy nad horní hranicí lesa, v zimì s hlubší snìhovou pokrıvkou i vyfoukávané.
15;4070;p;Køoviny s borovicí kleèí (Pinus mugo) a pìnišníkem Rhododendron hirsutum (Mugo-Rhododendretum hirsuti);N08;Vøesovištì, køoviny, makchie, garrigue, phrygana;Bushes with Pinus mugo and Rhododendron hirsutum (Mugo-Rhododendretum hirsuti);385;CHYTRİ, M., KUÈERA, T., KOÈÍ, M. (eds.) et al. (2010). Katalog biotopù Èeské republiky. 2.upr. a rozš. vyd. Praha: Agentura ochrany pøírody a krajiny ÈR. 445 s. ISBN 978-80-87457-03-0.;Keøovité porosty kosodøeviny vytváøí v horách samostatnı vegetaèní stupeò. Pøedstavují primární spoleèenstva subalpínského stupnì v nadmoøskıch vıškách 1200 – 1450 m, na lavinovıch drahách a sutích sestupují i níe. Lokálnì se vyskytují i v niších polohách na skalních stanovištích (Šumava). Pùdy na nich kosodøevina roste jsou nejèastìji kamenité, silnì kyselé s vyvinutou vrstvou surového humusu. Kosodøevina navazuje na klimaxové smrèiny a na své horní hranici pøecházejí do stupnì alpínskıch holí.Z ochranáøského hlediska je dùleitı pøedevším primární vıskyt kosodøeviny v Krkonoších a na Šumavì. Díky vısadbì najdeme kosodøevinu však také v  Hrubém Jeseníku a na Kralickém Snìníku.
16;4080;n;Subarktické vrbové køoviny;N08;Vøesovištì, køoviny, makchie, garrigue, phrygana;Sub-Arctic Salix spp. scrub;385;CHYTRİ, M., KUÈERA, T., KOÈÍ, M. (eds.) et al. (2010). Katalog biotopù Èeské republiky. 2.upr. a rozš. vyd. Praha: Agentura ochrany pøírody a krajiny ÈR. 445 s. ISBN 978-80-87457-03-0.;Rozvolnìné porosty subalpínskıch listnatıch køovin jsou tvoøeny pøedevším druhy jako je bøíza karpatská, vrba laponská a slezská a jeøáb ptaèí olysalı. Dosahují vıšky od 0,5 do 5 m. Bylinné patro je tvoøeno pøevánì druhy vysokobylinnıch niv.Subalpínské køoviny jsou azonální vegetací supramontánního a subalpínského stupnì. Nacházejí se pøedevším v sudetskıch karech na jejich svazích, dnech i hranách, ale také podél potokù v subalpínském stupni. Jsou vázány na vlhèí pùdy ne kosodøevina.
17;5130;n;Formace jalovce obecného (Juniperus communis) na vøesovištích nebo vápnitıch trávnících;N08;Vøesovištì, køoviny, makchie, garrigue, phrygana;Juniperus communis formations on heaths or calcareous grasslands;385;CHYTRİ, M., KUÈERA, T., KOÈÍ, M. (eds.) et al. (2010). Katalog biotopù Èeské republiky. 2.upr. a rozš. vyd. Praha: Agentura ochrany pøírody a krajiny ÈR. 445 s. ISBN 978-80-87457-03-0.;Jedná se o rozvolnìné nebo témìø zapojené formace jalovce a travinnobylinné  nebo keøíèkovité vegetace. Jalovec se nejèastìji šíøí na extenzivnì vyuívané nebo opuštìné pastviny bez ohledu na typ rùzného typu substrátu. Preferuje však lehèí pùdy, resp. vysychavá stanovištì.Cenné jalovcové formace najdeme v trávnících od nejniších poloh (vápnomilná spoleèenstva suchıch trávníkù) pøes pastviny (svaz Cynosurion) a po chudé podhorské smilkové trávníky s dominantním vøesem.
18;6110;p;Vápnité nebo bazické skalní trávníky (Alysso-Sedion albi) ;N09;Suché trávníky, stepi;Rupicolous calcareous or basophilic grasslands of the Alysso-Sedion albi;385;CHYTRİ, M., KUÈERA, T., KOÈÍ, M. (eds.) et al. (2010). Katalog biotopù Èeské republiky. 2.upr. a rozš. vyd. Praha: Agentura ochrany pøírody a krajiny ÈR. 445 s. ISBN 978-80-87457-03-0.;Pionırské, øídce zapojené a nízké porosty s pøevahou efemérních vápnomilnıch druhù, drobnıch trvalek a sukulentních rostlin. Osídlují mìlké pùdy a droliny na skalnatém podkladu a èasto pøecházejí i na samotné skalky. Pøevládajícím typem podkladu jsou vápence, ale podobná spoleèenstva se tvoøí i na neovulkanitech (andezity, èedièe). Tato pionırská spoleèenstva hrají dùleitou roli v sukcesním procesu, nebo pøipravují substrát na pozdìjší uchycení travin.
19;6150;n;Silikátové alpínské a boreální trávníky;N11;Alpinské a subalpinské louky;Siliceous alpine and boreal grasslands;385;CHYTRİ, M., KUÈERA, T., KOÈÍ, M. (eds.) et al. (2010). Katalog biotopù Èeské republiky. 2.upr. a rozš. vyd. Praha: Agentura ochrany pøírody a krajiny ÈR. 445 s. ISBN 978-80-87457-03-0.;Travinná spoleèenstva, která se vyskytují v oblastech nad horní hranicí lesa, nejèastìji na vrcholovıch plošinách, plochıch høebenech a vrcholech. Po celı rok jsou vystavena silnému vìtru a v zimním období jsou buï témìø bez snìhu anebo v pøípadì závìtrnıch míst nebo terénních depresí jsou naopak chránìna vyšší vrstvou snìhu. V místech, kde snìhová pokrıvka setrvává extrémnì dlouhou dobu a zkracuje tak vegetaèní období se vytváøejí druhovì chudá snìhová vıleiska. Nejèastìjšími trávami ve spoleèenstvech jsou metlièka køivolaká, kostøava nízká a smilka tuhá.
20;6190;n;Panonské skalní trávníky (Stipo-Festucetalia pallentis);N09;Suché trávníky, stepi;Rupicolous pannonic grasslands (Stipo-Festucetalia pallentis);385;CHYTRİ, M., KUÈERA, T., KOÈÍ, M. (eds.) et al. (2010). Katalog biotopù Èeské republiky. 2.upr. a rozš. vyd. Praha: Agentura ochrany pøírody a krajiny ÈR. 445 s. ISBN 978-80-87457-03-0.;Travino-bylinné porosty na otevøenıch, èasto skalnatıch svazích. Podle charakteru pùdy se na nich vytváøí mozaika rostlinnıch spoleèenstev od pionırskıch porostù s dominancí sukulentù a po zapojené trávníky s dominancí druhù jako je kostøava sivá, ostøice nízká nebo pìchava vápnomilná. Na jinì exponované svahy pronikají na jiní a jihozápadní Moravì panonské teplomilné druhy. Severnì exponované svahy s mìlkou pùdou a skalní høebínky osídlují druhy dealpínské a perialpínské, které preferují chladnìjší a stinnìjší mezofilní stanovištì.
21;6210;p;Polopøirozené suché trávníky a facie køovin na vápnitıch podloích (Festuco-Brometalia) (* vıznaèná nalezištì vstavaèovitıch);N09;Suché trávníky, stepi;Semi-natural dry grasslands and scrubland facies on calcareous substrates (Festuco Brometalia)(*important orchid sites);385;CHYTRİ, M., KUÈERA, T., KOÈÍ, M. (eds.) et al. (2010). Katalog biotopù Èeské republiky. 2.upr. a rozš. vyd. Praha: Agentura ochrany pøírody a krajiny ÈR. 445 s. ISBN 978-80-87457-03-0.;Zapojené a mezernaté obvykle druhovì bohaté trávníky s dominancí kostøavy valiské, k. lábkaté, nìkterıch kavylù, váleèky prapoøité, sveøepu vzpøímeného a s vıskytem širokolistıch vytrvalıch bylin. Vıznamné je také zastoupení vstavaèovitıch. Tato spoleèenstva se vyskytují obvykle na vıslunnıch svazích, zpravidla na støednì hlubokıch a hlubokıch pùdách, na bazickıch, vzácnìji také na minerálnì chudších horninách, pøedevším na sedimentárních horninách køídy, ale také na paleogenních a neogenních sedimentech a na spraších.
22;6210;n;Polopøirozené suché trávníky a facie køovin na vápnitıch podloích (Festuco-Brometalia);N09;Suché trávníky, stepi;Semi-natural dry grasslands and scrubland facies on calcareous substrates (Festuco Brometalia);385;CHYTRİ, M., KUÈERA, T., KOÈÍ, M. (eds.) et al. (2010). Katalog biotopù Èeské republiky. 2.upr. a rozš. vyd. Praha: Agentura ochrany pøírody a krajiny ÈR. 445 s. ISBN 978-80-87457-03-0.;Zapojené a mezernaté obvykle druhovì bohaté trávníky s dominancí kostøavy valiské, k. lábkaté, nìkterıch kavylù, váleèky prapoøité, sveøepu vzpøímeného a s vıskytem širokolistıch vytrvalıch bylin. Vıznamné je také zastoupení vstavaèovitıch. Tato spoleèenstva se vyskytují obvykle na vıslunnıch svazích, zpravidla na støednì hlubokıch a hlubokıch pùdách, na bazickıch, vzácnìji také na minerálnì chudších horninách, pøedevším na sedimentárních horninách køídy, ale také na paleogenních a neogenních sedimentech a na spraších.
23;6230;p;Druhovì bohaté smilkové louky na silikátovıch podloích v horskıch oblastech (a v kontinentální Evropì v podhorskıch oblastech);N11;Alpinské a subalpinské louky;Species-rich Nardus grasslands, on siliceous substrates in mountain areas (and submountain areas, in Continental Europe);385;CHYTRİ, M., KUÈERA, T., KOÈÍ, M. (eds.) et al. (2010). Katalog biotopù Èeské republiky. 2.upr. a rozš. vyd. Praha: Agentura ochrany pøírody a krajiny ÈR. 445 s. ISBN 978-80-87457-03-0.;Nízké trsnaté smilkové trávníky se vyskytují v podhorskıch, horskıch a subalpínskıch polohách jako náhradní vegetace po rùznıch typech acidofilních lesù, vzácnìji kleèovıch porostù. Primárnì se tato vegetace nachází v obvodech sudetskıch karù. Osidlují pomìrnì hluboké, sušší a vlhké, humózní, písèitohlinité, kyselé pùdy, které jsou pomìrnì chudé na iviny.
24;6240;p;Subpanonské stepní trávníky;N09;Suché trávníky, stepi;Sub-continental steppic grasslands;385;CHYTRİ, M., KUÈERA, T., KOÈÍ, M. (eds.) et al. (2010). Katalog biotopù Èeské republiky. 2.upr. a rozš. vyd. Praha: Agentura ochrany pøírody a krajiny ÈR. 445 s. ISBN 978-80-87457-03-0.;Tato jednotka se u nás vyskytují vıhradnì na jiní Moravì v panonské biogeografické oblasti. Pøedstavuje zapojené a mezernaté obvykle druhovì bohaté trávníky s dominancí trsnatıch travin (kostøava valiská, ostøice nízká, rùzné druhy kavylù) a vıskytem celé øady panonskıch druhù, vıznamné je také zastoupení vstavaèovitıch. Tato spoleèenstva se vyskytují obvykle na vıslunnıch svazích, zpravidla na bazickıch horninách (vápence, vápnité slepence, vápnité paleogenní i neogenní sedimenty, spraše, èedièe, amfibolity, hadce) na rùznì hlubokıch pùdách, od mìlkıch rendzin a rankerù a po hluboké pùdy na spraši.
25;6250;p;Panonské sprašové stepní trávníky;N09;Suché trávníky, stepi;Pannonic loess steppic grasslands;385;CHYTRİ, M., KUÈERA, T., KOÈÍ, M. (eds.) et al. (2010). Katalog biotopù Èeské republiky. 2.upr. a rozš. vyd. Praha: Agentura ochrany pøírody a krajiny ÈR. 445 s. ISBN 978-80-87457-03-0.;Zapojené a mezernaté druhovì velmi bohaté trávníky s dominancí kavylù a  vıskytem napø. katránu tatarského, kosatce nízkého èi pampelišky pozdní. Tato spoleèenstva se vyskytují jen na jiní Moravì v panonské biogeografické oblasti, na vıslunnıch svazích na hlubších pùdách (èernozemì, pararendziny na spraši, vápnité paleogenní èi neogenní sedimenty).
26;6260;p;Panonské písèité stepi ;N09;Suché trávníky, stepi;Pannonic sand steppes;385;CHYTRİ, M., KUÈERA, T., KOÈÍ, M. (eds.) et al. (2010). Katalog biotopù Èeské republiky. 2.upr. a rozš. vyd. Praha: Agentura ochrany pøírody a krajiny ÈR. 445 s. ISBN 978-80-87457-03-0.;Sekundární vegetace suchıch a ivinami chudıch køemièitıch pískù na místì pùvodních acidofilních, pøípadnì borovıch doubrav. Vyskytuje se na èasto narušovanıch místech jako jsou protipoární bezlesé pruhy podél eleznièních tratí a vojenská cvièištì. V sukcesi navazuje na druhovì chudé otevøené trávníky s palièkovcem šedavım, u nich se díky vıvoji vegetaèního krytu postupnì zpevòuje døíve pohyblivı písèitı substrát. V rozvolnìnıch trávnících nejèastìji dominuje palièkovec šedavı, kostøava pochvatá a kavyl píseènı.
27;6410;n;Bezkolencové louky na vápnitıch, rašelinnıch nebo hlinito-jílovitıch pùdách (Molinion caeruleae);N10;Vlhké a mezofilní louky;Molinia meadows on calcareous, peaty or clavey-silt-laden soils (Molinion caeruleae);385;CHYTRİ, M., KUÈERA, T., KOÈÍ, M. (eds.) et al. (2010). Katalog biotopù Èeské republiky. 2.upr. a rozš. vyd. Praha: Agentura ochrany pøírody a krajiny ÈR. 445 s. ISBN 978-80-87457-03-0.;Druhovì pestré, støednì vysoké travino-bylinné porosty, které se vyskytují na minerálních a slatinnıch pùdách, od kyselıch a po bazické substráty. Hladina podzemní vody v prùbìhu roku vıraznì kolísá avšak nedochází k povrchovım záplavám. Bìhem léta pak dochází k pøechodnému vysychání. Kvìtnaté bezkolencové louky se vyskytují nejèastìji v kontaktu se slatinnımi loukami. Louky jsou zpravidla jednou roènì koseny.V porostech dominuje bezkolenec modrı a další traviny jako metlice trsnatá, kostøava luèní, k. èervená aj.
28;6430;n;Vlhkomilná vysokobylinná lemová spoleèenstva níin a horského a alpínského stupnì;N11;Alpinské a subalpinské louky;Hydrophilous tall herb fringe communities of plains and of the montane to alpine levels;385;CHYTRİ, M., KUÈERA, T., KOÈÍ, M. (eds.) et al. (2010). Katalog biotopù Èeské republiky. 2.upr. a rozš. vyd. Praha: Agentura ochrany pøírody a krajiny ÈR. 445 s. ISBN 978-80-87457-03-0.;Jednotka zahrnuje vysokobylinná spoleèenstva v nivách  planárního a alpínského stupnì. Jedná se o uzavøená spoleèenstva s pøevahou vysokıch širokolistıch bylin rostoucích na bøezích a náplavech horskıch potokù a bystøin, ve vlhkıch labech a kotlinách v montánním stupni, zejména však v subalpínském a alpínském stupni, patøí sem také vegetace pravidelnì zaplavovanıch luk a vlhké louky podél øek a potokù nebo na prameništích.  Vzhled porostù je velmi rozdílnı a vıraznì ho ovlivòují jejich dominanty. Jednotka se vyskytuje na rùznıch geologickıch podloích od bazickıch a neutrálních a po mírnì kyselé, vìtšinou humózní, vlhké a propustné pùdy.Charakteristickım druhem lemù horskıch potokù je napø. devìtsil lékaøskı, v subalpínskıch vysokobylinnıch a kapradinovıch nivách je to havez èesnáèková a papratka horská, v bylinnıch lemech níinnıch øek se pak èasto vyskytuje opletník plotní, ve vlhkıch loukách mùe dominovat tuebník jilmovı nebo kakost bahenní, popø. rozrazil dlouholistı èi pryšec lesklı.
29;6440;n;Nivní louky øíèních údolí svazu Cnidion dubii;N10;Vlhké a mezofilní louky;Alluvial meadows of river valleys of the Cnidion dubii;385;CHYTRİ, M., KUÈERA, T., KOÈÍ, M. (eds.) et al. (2010). Katalog biotopù Èeské republiky. 2.upr. a rozš. vyd. Praha: Agentura ochrany pøírody a krajiny ÈR. 445 s. ISBN 978-80-87457-03-0.;Nivy na dolních tocích velkıch øek v teplıch a suchıch, kontinentálnì ladìnıch oblastech. Pùdy jsou hlinité a jílovité, na dlouhodobìji zaplavovanıch místech oglejené a glejové, nìkdy mírnì zasolené, dobøe zásobené ivinami, v létì vysıchající. Nezbytnım pøedpokladem pro rozvoj tohoto typu luk jsou pravidelné jarní záplavy. Délka záplav je rùzná podle umístìní porostu v terénu, v nejvıše poloenıch místech trvá jen krátce v období kulminace povodòové vlny, mírné terénní sníeniny mohou bıt naopak zaplaveny od jara a do èervna nebo èervence. Louky jsou obvykle druhovì bohaté, plnì zapojené. Pøevaují v nich vlhkomilné traviny psárka luèní, ostøice dvouøadá, sítina èernavá, lipnice bahenní a luèní.
30;6510;n;Extenzivní seèené louky níin a podhùøí (Arrhenatherion, Brachypodio-Centaureion nemoralis);N10;Vlhké a mezofilní louky;Lowland hay meadows (Alopecurus pratensis, Sanguisorba officinalis);385;CHYTRİ, M., KUÈERA, T., KOÈÍ, M. (eds.) et al. (2010). Katalog biotopù Èeské republiky. 2.upr. a rozš. vyd. Praha: Agentura ochrany pøírody a krajiny ÈR. 445 s. ISBN 978-80-87457-03-0.;Extenzivnì hnojené, jedno- a dvojseèné louky s pøevahou vysokostébelnıch travin jako je ovsík vyvıšenı, psárka luèní, trojštìt lutavı, tomka vonná nebo kostøava èervená. Vyskytují se v aluviích øek, na svazích, náspech, v místech bıvalıch polí, na zatravnìnıch úhorech a v ovocnıch sadech od níin do hor, vìtšinou v blízkosti sídel. Osidlují mírnì kyselé a neutrální, støednì hluboké a hluboké, mírnì vlhké a mírnì suché pùdy s dobrou zásobou ivin.Variabilita tìchto porostù je pomìrnì široká. Velká promìnlivost druhového sloení odráí pomìrnì široké ekologické spektrum a místní zpùsob hospodaøení.
31;6520;n;Horské seèené louky;N10;Vlhké a mezofilní louky;Mountain hay meadows;385;CHYTRİ, M., KUÈERA, T., KOÈÍ, M. (eds.) et al. (2010). Katalog biotopù Èeské republiky. 2.upr. a rozš. vyd. Praha: Agentura ochrany pøírody a krajiny ÈR. 445 s. ISBN 978-80-87457-03-0.;Pøedstavují extenzivnì hnojené, jedno- a dvojseèné hospodáøsky vyuívané louky v horskıch oblastech. Ve støednì vysokıch zapojenıch porostech dominují trávy kostøava èervená, lipnice širolistá a trojštìt lutavı, z bylin pak pøedevším kakost lesní a koprník štìtinolistı. Pùdy jsou pomìrnì dobøe zásobené ivinami, mírnì kyselé a kyselé, mohou bıt mìlèí a kamenité.
32;7110;p;Aktivní vrchovištì;N07;Rašeliništì, bainy, vegetace bøehovıch lemù, slatiništì;Active raised bogs;385;CHYTRİ, M., KUÈERA, T., KOÈÍ, M. (eds.) et al. (2010). Katalog biotopù Èeské republiky. 2.upr. a rozš. vyd. Praha: Agentura ochrany pøírody a krajiny ÈR. 445 s. ISBN 978-80-87457-03-0.;Termín aktivní vrchovištì znamená, e pøeváná rozloha rašeliništì vyklenutého tvaru je pokryta rašelinotvornou vegetací s aktivní tvorbou humolitu. Jedná se o pøirozenì otevøená spoleèenstva vodou bohatì zásobenıch vrchoviš obvykle s mozaikovitou strukturou v ní se nacházejí sušší bultovité vyvıšeniny a šlenky nebo jezírka s otevøenou hladinou vody. Hlavním ekologickım faktorem je voda, které v pøípadì tìchto spoleèenstev vykazuje specifické vlastnosti – je oligo a dystrofní, kyselá s nepatrnım obsahem ivin a bazickıch iontù. Pro existenci vrchoviš je dùleitá pøevaha pøíjmu srákové vody nad jejím vıparem. Vrchovištì vznikají pouze v oblastech s chladnım klimatem a bohatımi srákami. Rašeliníky, které jsou podstatnou slokou ivé i odumøelé biomasy se aktivnì podílejí na kyselém a oligotrofním prostøedí, které pùsobí jako silnı eliminaèní faktor pro ostatní flóru. Ve vrchovišti dominují rašeliníky, nìkteré druhy ostøic a nízké keøíèky šichy, klikvy nebo kyhanky.
33;7120;n;Degradovaná vrchovištì (ještì schopná pøirozené obnovy);N07;Rašeliništì, bainy, vegetace bøehovıch lemù, slatiništì;Degraded raised bogs still capable of natural regeneration;385;CHYTRİ, M., KUÈERA, T., KOÈÍ, M. (eds.) et al. (2010). Katalog biotopù Èeské republiky. 2.upr. a rozš. vyd. Praha: Agentura ochrany pøírody a krajiny ÈR. 445 s. ISBN 978-80-87457-03-0.;Vrchovištì, u nich došlo k pøechodnım zmìnám kvùli odtìení èásti rašeliny a nebo pøechodnému poklesu vodní hladiny. I pøes tyto zmìny má však rašeliništì nadìji na obnovení pùvodní rašelinotvorné vegetace v horizontu 30 let samovolnou sukcesí nebo pøi umìlém obnovení vodního reimu.
34;7140;n;Pøechodová rašeliništì a tøasovištì;N07;Rašeliništì, bainy, vegetace bøehovıch lemù, slatiništì;Transition mires and quaking bogs;385;CHYTRİ, M., KUÈERA, T., KOÈÍ, M. (eds.) et al. (2010). Katalog biotopù Èeské republiky. 2.upr. a rozš. vyd. Praha: Agentura ochrany pøírody a krajiny ÈR. 445 s. ISBN 978-80-87457-03-0.;Ostøicovo – mechová rašelinná a slatinná spoleèenstva, která jsou dobøe zásobená podzemní vodou. Hladina podzemní vody dosahuje na povrch a nebo je blízko povrchu. Dominují v nich nízké ostøice a další druhy šáchorovitıch s velmi dobøe vyvinutım mechovım patrem. Spoleèenstva osidlují hlavnì svahové nebo údolní polohy, ale také prameništì a místa v blízkosti potokù na chudém geologickém podloí, pøípadnì navazují na okraje oligotrofních jezer nebo okrajové zóny vrchoviš, tzv.laggy.Vrstva humolitu má rùznou mocnost, obvykle je niší  ne u vrchoviš, pohybuje od desítek centimetrù k nìkolika metrùm. Spoleèenstva vyadují vysokou hladinu podzemní vody s kyselou a mírnì zásaditou reakcí, chudou a støednì bohatou na minerální látky.
35;7150;n;Prolákliny na rašelinném podloí (Rhynchosporion);N07;Rašeliništì, bainy, vegetace bøehovıch lemù, slatiništì;Depressions on peat substrates of the Rhynchosporion;385;CHYTRİ, M., KUÈERA, T., KOÈÍ, M. (eds.) et al. (2010). Katalog biotopù Èeské republiky. 2.upr. a rozš. vyd. Praha: Agentura ochrany pøírody a krajiny ÈR. 445 s. ISBN 978-80-87457-03-0.;Jednotka zahrnuje porosty v nich dominuje hrotnosemenka bílá, rosnatky, plavuòka zaplavovaná a rašeliníky sekce Subsecunda a Palustria, které rostou v mìlkıch mezotrofních rašeliništích na subhydrickıch pùdách a na píseèném podloí. Na vìtšinì lokalit je vyrovnanı vodní reim, voda stagnuje a nebo je pouze v nepatrném pohybu. Obsah minerálních látek ve vodì je nízkı, reakce prostøedí je kyselá.V našich podmínkách spoleèenstva pøedstavují iniciální stádia v tvorbì slatin. Vyhovuje jim obèasná disturbance. Kromì primárních stanoviš se tato vegetace vyskytuje v opuštìnıch pískovnách a kaolinovıch dolech.
36;7210;p;Vápnitá slatiništì s maøicí pilovitou (Cladium mariscus) a druhy svazu Caricion davallianae;N07;Rašeliništì, bainy, vegetace bøehovıch lemù, slatiništì;Calcareous fens with Cladium mariscus and species of the Caricion davallianae;385;CHYTRİ, M., KUÈERA, T., KOÈÍ, M. (eds.) et al. (2010). Katalog biotopù Èeské republiky. 2.upr. a rozš. vyd. Praha: Agentura ochrany pøírody a krajiny ÈR. 445 s. ISBN 978-80-87457-03-0.;Slatiništì s maøicí pilovitou se vyskytují na stanovištích s vysokou hladinou podzemní vody a v blízkosti vıvìrù minerálních pramenù, na pùdách bohatıch na báze, zejména na vápník. Pùda je pokrytá travertinovou krustou, která vzniká vysráením minerální vody, která obsahuje hodnì uhlièitanu vápenatého. Dominantou  je vysoká šáchorovitá rostlina maøice pilovitá, která vytváøí husté zapojené porosty. V rozvolnìnıch místech se pak vyskytují rákosiny a porosty dalších šáchorovitıch rostlin.
37;7220;p;Petrifikující prameny s tvorbou pìnovcù (Cratoneurion);N07;Rašeliništì, bainy, vegetace bøehovıch lemù, slatiništì;Petrifying springs with tufa formation (Cratoneurion);385;CHYTRİ, M., KUÈERA, T., KOÈÍ, M. (eds.) et al. (2010). Katalog biotopù Èeské republiky. 2.upr. a rozš. vyd. Praha: Agentura ochrany pøírody a krajiny ÈR. 445 s. ISBN 978-80-87457-03-0.;Vìtšinou maloplošnì rozšíøená spoleèenstva vápencovıch prameniš s alkalickou vodou, která je bohatá na kyslík a rozpuštìné kationty vápníku, pøípadnì hoøèíku. Inkrustace, které tyto minerální látky vytváøejí na mechovıch rostlinkách a na nadzemních èástech cévnatıch rostlin jsou charakteristickım znakem tohoto habitatu. Prameništi dominuje mechová nebo ostøicovomechová vegetace
38;7230;n;Zásaditá slatiništì;N07;Rašeliništì, bainy, vegetace bøehovıch lemù, slatiništì;Alkaline fens;385;CHYTRİ, M., KUÈERA, T., KOÈÍ, M. (eds.) et al. (2010). Katalog biotopù Èeské republiky. 2.upr. a rozš. vyd. Praha: Agentura ochrany pøírody a krajiny ÈR. 445 s. ISBN 978-80-87457-03-0.;Plochá údolní i svahová prameništní slatiništì, po celı rok dobøe zásobená vodou bohatou na vápník a další ionty.  Mohou se vyskytovat i na okrajích zazemòujících se vodních nádrí a na okraji niv. Slatinnı horizont obsahuje velké mnoství minerálních èástic. Na slatiništi se vyskytuje ostøicovo-mechová vegetace s pøevládajícími šáchorovitımi rostlinami. Fyziognomii druhovì bohatıch porostù urèuje èasto ostøice Davallova a suchopıry. Z mechù dominují hnìdé mechy èeledì Amblystegiaceae, rašeliníky v tomto stanovišti vìtšinou nedominují.
39;8110;n;Silikátové sutì horského a niválního stupnì (Androsacetalia alpinae a Galeopsietalia ladani);N22;Vnitrozemské skály, sutì, písky, plochy pokryté trvale snìhem a ledem;Siliceous scree of the montane to snow levels (Androsacetalia alpinae and Galeopsietalia ladani);385;CHYTRİ, M., KUÈERA, T., KOÈÍ, M. (eds.) et al. (2010). Katalog biotopù Èeské republiky. 2.upr. a rozš. vyd. Praha: Agentura ochrany pøírody a krajiny ÈR. 445 s. ISBN 978-80-87457-03-0.;Vzácnì rozšíøená spoleèenstva na kyselıch, vlhkıch, èasto ne zcela zpevnìnıch sutích, té na úpatí skalek v nejvyšších polohách našich hor a v prostorách karù. Vegetace, v ní dominují mechy a lišejníky, vytváøí nízké nezapojené porosty dorùstající vıšky 30 cm. Z bylin zde najdeme metlièku køivolakou, psineèek alpskı a bezkolenec modrı.
40;8150;n;Støedoevropské silikátové sutì;N22;Vnitrozemské skály, sutì, písky, plochy pokryté trvale snìhem a ledem;Medio-European upland siliceous screes;385;CHYTRİ, M., KUÈERA, T., KOÈÍ, M. (eds.) et al. (2010). Katalog biotopù Èeské republiky. 2.upr. a rozš. vyd. Praha: Agentura ochrany pøírody a krajiny ÈR. 445 s. ISBN 978-80-87457-03-0.;Pionırské porosty, je osidlují pøirozené nebo pøírodì blízké silikátové sutì. Na vıslunnıch stanovištích se vytváøejí jednoduchá spoleèenstva sloená zejména ze sekulentù a terofytù, které v letním období èasto odumírají. Na severních svazích a zastínìnıch stanovištích se ve vlhèích místech vyskytují kapradiny, mechorosty a lišejníky. Pøedevším druhy dutohlávka, terèovka, pupkovka.Podobné porosty se tvoøí i na sekundárních stanovištích, zejména náspy nebo vısypky.
41;8160;p;Vápnité sutì pahorkatin a horského stupnì;N22;Vnitrozemské skály, sutì, písky, plochy pokryté trvale snìhem a ledem;Medio-European calcareous scree of hill and montane levels;385;CHYTRİ, M., KUÈERA, T., KOÈÍ, M. (eds.) et al. (2010). Katalog biotopù Èeské republiky. 2.upr. a rozš. vyd. Praha: Agentura ochrany pøírody a krajiny ÈR. 445 s. ISBN 978-80-87457-03-0.;Rozvolnìné porosty, které osidlují sutì s nízkım obsahem jemnozemì a to na otevøenıch vıslunnıch stanovištích, tak i na zastínìnıch nebo severních svazích, nebo v lesních komplexech. Tam jsou pùdní i vlhkostní podmínky pøijatelnìjší pro mezofilnìjší druhy rostlin. Velikost substrátu je promìnlivá podle geologickıch podmínek a kolísá od drobné drtì a po stabilizované balvanité sutì.
42;8210;n;Chasmofytická vegetace vápnitıch skalnatıch svahù;N22;Vnitrozemské skály, sutì, písky, plochy pokryté trvale snìhem a ledem;Calcareous rocky slopes with chasmophytic vegetation;385;CHYTRİ, M., KUÈERA, T., KOÈÍ, M. (eds.) et al. (2010). Katalog biotopù Èeské republiky. 2.upr. a rozš. vyd. Praha: Agentura ochrany pøírody a krajiny ÈR. 445 s. ISBN 978-80-87457-03-0.
43;8220;n;Chasmofytická vegetace silikátovıch skalnatıch svahù;N22;Vnitrozemské skály, sutì, písky, plochy pokryté trvale snìhem a ledem;Siliceous rocky slopes with chasmophytic vegetation;385;CHYTRİ, M., KUÈERA, T., KOÈÍ, M. (eds.) et al. (2010). Katalog biotopù Èeské republiky. 2.upr. a rozš. vyd. Praha: Agentura ochrany pøírody a krajiny ÈR. 445 s. ISBN 978-80-87457-03-0.
44;8230;n;Pionırská vegetace silikátovıch skal (Sedo-Scleranthion, Sedo albi-Veronicion dillenii);N22;Vnitrozemské skály, sutì, písky, plochy pokryté trvale snìhem a ledem;Siliceous rock with pioneer vegetation of the Sedo-Scleranthion or of the Sedo albi-Veronicion dillenii;385;CHYTRİ, M., KUÈERA, T., KOÈÍ, M. (eds.) et al. (2010). Katalog biotopù Èeské republiky. 2.upr. a rozš. vyd. Praha: Agentura ochrany pøírody a krajiny ÈR. 445 s. ISBN 978-80-87457-03-0.
45;8310;n;Jeskynì nepøístupné veøejnosti;N22;Vnitrozemské skály, sutì, písky, plochy pokryté trvale snìhem a ledem;Caves not open to the public;385;CHYTRİ, M., KUÈERA, T., KOÈÍ, M. (eds.) et al. (2010). Katalog biotopù Èeské republiky. 2.upr. a rozš. vyd. Praha: Agentura ochrany pøírody a krajiny ÈR. 445 s. ISBN 978-80-87457-03-0.;Tato jednotka není floristicky charakterizovaná. V jejím rámci se mapují nepøístupné jeskynní útvary, vèetnì jeskynních vodních vıvìrù. Jednotka je vıznamnım biotopem zejména pro druhy bezobratlıch ivoèichù a slouí jako zimovištì pro netopıry.
46;91D0;p;Rašelinnı les;N19;Smíšené lesy;Bog woodland;385;CHYTRİ, M., KUÈERA, T., KOÈÍ, M. (eds.) et al. (2010). Katalog biotopù Èeské republiky. 2.upr. a rozš. vyd. Praha: Agentura ochrany pøírody a krajiny ÈR. 445 s. ISBN 978-80-87457-03-0.;Nezapojené porosty bøízy, borovice a smrku na rašelinnıch pùdách. Keøové patro tvoøí zmlazující døeviny stromového patra. Bylinné patro je nezapojené, tvoøí ho zejména keøíèky kyhanky, vøesu a rojovníku. Vıznamnou úlohu hrají mechorosty, které pokrıvají 50-100% pùdního povrchu. Dominantním mechem jsou rašeliníky. Rašelinné lesy se vyskytují ve srákovì bohatších oblastech, v podmáèenıch rovinatıch polohách nebo v mírnıch terénních sníeninách, kde hladina podzemní vody alespoò po èást roku stagnuje tìsnì pøi povrchu pùdy.
47;91E0;p;Smíšené jasanovo-olšové luní lesy temperátní a boreální Evropy (Alno-Padion, Alnion incanae, Salicion albae) ;N16;Listnaté opadavé lesy;Alluvial forests with Alnus glutinosa and Fraxinus excelsior (Alno-Padion, Alnion incanae, Salicion albae);385;CHYTRİ, M., KUÈERA, T., KOÈÍ, M. (eds.) et al. (2010). Katalog biotopù Èeské republiky. 2.upr. a rozš. vyd. Praha: Agentura ochrany pøírody a krajiny ÈR. 445 s. ISBN 978-80-87457-03-0.;Jednotka zahrnuje luní lesy v nejniších èástech aluvií øek a potokù, kde jsou hlavním ekologickım faktorem pravidelné záplavy zpùsobené povrchovou vodou nebo zamokøení zpùsobené podzemní vodou. Patøí sem nezapojené vrbo-topolové porosty (mìkkı luní les) rozšíøené v záplavovıch územích vìtších øek a olšiny podél potokù a menších øek ve vyšších polohách. Charakteristicky se uplatòují nitrofilní a hygrofilní druhy.
48;91F0;n;Smíšené luní lesy s dubem letním (Quercus robur), jilmem vazem (Ulmus laevis) a jilmem habrolistım (Ulmus minor), jasanem ztepilım (Fraxinus excelsior) nebo jasanem úzkolistım (Fraxinus angustifolia) podél velkıch øek (Ulmenion minoris);N16;Listnaté opadavé lesy;Riparian mixed forest of Quercus robur, Ulmus laevis and Ulmus minor, Fraxinus excelsior or Fraxinus angustifolia along the great rivers (Ulmenion minoris);385;CHYTRİ, M., KUÈERA, T., KOÈÍ, M. (eds.) et al. (2010). Katalog biotopù Èeské republiky. 2.upr. a rozš. vyd. Praha: Agentura ochrany pøírody a krajiny ÈR. 445 s. ISBN 978-80-87457-03-0.;Luní lesy tvoøené dubem, jasanem a olší (tvrdé luhy) na vyšších a relativnì sušších polohách údolních niv s ménì èastımi a kratšími povrchovımi záplavami. Pùdy jsou rùzné od typologicky nevyvinutıch nivních a oglejenıch a po hnìdé, bohaté na iviny. Keøové patro je dobøe vyvinuté a je druhovì bohaté. V bylinném patøe jsou pøítomné  nitrofilní, mezofilní a hygrofilní druhy s vıraznım jarním aspektem.
49;91G0;p;Panonské dubohabøiny;N16;Listnaté opadavé lesy;Pannonic woods with Quercus petraea and Carpinus betulus;385;CHYTRİ, M., KUÈERA, T., KOÈÍ, M. (eds.) et al. (2010). Katalog biotopù Èeské republiky. 2.upr. a rozš. vyd. Praha: Agentura ochrany pøírody a krajiny ÈR. 445 s. ISBN 978-80-87457-03-0.;Zonálnì mezofilní (slabì hygrofilní) smíšené listnaté lesy s pøevahou dubu nebo habru. Stanovištì lze rozdìlit na dvì ekologicky odlišné jednotky. Karpatské dubo-habrové lesy, nejèastìji s pøímìsí buku na rùznıch geologickıch podloích a pùdách typu kambizem. Podrost má travinnı charakter v nìm se vıraznì uplatòuje ostøice chlupatá. Další pøítomné mezofilní druhy jsou typické jak pro buèiny tak pro doubravy.Druhou jednotkou jsou dubo-habrové panonské porosty, které se nacházejí v nejteplejších oblastech naší republiky. Lesy s dominantním dubem letním se vyskytují na terasách, pokrytıch sprašovımi hlínami, ve vyšších místech aluvií, v níinách a širších dnech kotlin. Na svazích v pahorkatinách jsou rozšíøené smíšené porosty dubu zimního i letního s hojnım habrem. Obì jednotky se vyskytují na hlubších pùdách s dostatkem ivin. Pro zachovalé porosty je typické dobøe vyvinuté keøové patro s teplomilnımi druhy. V druhovì bohatém bylinném poschodí jsou zastoupené mezofilní druhy, vıznamnì se uplatòují teplomilné prvky doubrav.
50;91H0;p;Panonské šipákové doubravy;N16;Listnaté opadavé lesy;Pannonian woods with Quercus pubescens;385;CHYTRİ, M., KUÈERA, T., KOÈÍ, M. (eds.) et al. (2010). Katalog biotopù Èeské republiky. 2.upr. a rozš. vyd. Praha: Agentura ochrany pøírody a krajiny ÈR. 445 s. ISBN 978-80-87457-03-0.;Nejxerofilnìjší dubové lesy, které se vyskytují na vıslunnıch svazích v teplıch a suchıch oblastech, nejèastìji na karbonátovıch a bazickıch horninách. Osidlují nejextrémnìjší reliéfy s mìlkımi pùdami typu rendzinù a rankerù. V typické podobì vytváøejí rozvolnìné porosty dubu šípáku. Ve vyšších a chladnìjších polohách se vıznamnì uplatòuje dub zimní. Jednotka èasto vytváøí komplex s xerofilními travinnımi spoleèenstvy, která jsou druhovì velmi bohatá.
51;91I0;p;Eurosibiøské stepní doubravy;N16;Listnaté opadavé lesy;Euro-Siberian steppic woods with Quercus spp.;385;CHYTRİ, M., KUÈERA, T., KOÈÍ, M. (eds.) et al. (2010). Katalog biotopù Èeské republiky. 2.upr. a rozš. vyd. Praha: Agentura ochrany pøírody a krajiny ÈR. 445 s. ISBN 978-80-87457-03-0.;Teplomilné dobové porosty v nich je zastoupen dub zimní, dub letní a vzácnì dub cer. Ostatní druhy stromù jsou minimálnì pøimíšené. Keøové patro je zpravidla dobøe vyvinuté a druhovì bohaté. Vyskytují se v nejteplejších a nejsušších níinách a pahorkatinách, kde tvoøí teplomilné doubravy i velkoplošné porosty. V chladnìjších a vlhèích oblastech suprakolinního stupnì jsou však vázány témìø vıhradnì na strmìjší, jinì orientované svahy, kde tvoøí maloplošné porosty, obklopené nejèastìji dubohabøinami.
52;91T0;n;Støedoevropské lišejníkové bory;N17;Jehliènaté lesy;Central European lichen Scots pine forests;385;CHYTRİ, M., KUÈERA, T., KOÈÍ, M. (eds.) et al. (2010). Katalog biotopù Èeské republiky. 2.upr. a rozš. vyd. Praha: Agentura ochrany pøírody a krajiny ÈR. 445 s. ISBN 978-80-87457-03-0.;Pøirozené (reliktní) acidofilní bory svazu Dicrano-Pinion s bohatım vıskytem lišejníkù (pøevánì rodu dutohlávka), pøevánì na písèitıch, suchıch a ivinami chudıch pùdách a na vnitrozemskıch píscích. Stromy jsou èasto nízkého vzrùstu nebo deformované. Z hlediska èeské fytocenologické klasifikace jehliènatıch lesù se jedná o jednotku vylišenou pøedevším fyziognomií a dominancí èásti mecho-lišejníkového patra (E0) a nelze ji pøesnì specifikovat na asociaèní úrovni.
53;91U0;n;Lesostepní bory (Cytiso-Pinetalia);N17;Jehliènaté lesy;Sarmatic steppe pine forest;385;CHYTRİ, M., KUÈERA, T., KOÈÍ, M. (eds.) et al. (2010). Katalog biotopù Èeské republiky. 2.upr. a rozš. vyd. Praha: Agentura ochrany pøírody a krajiny ÈR. 445 s. ISBN 978-80-87457-03-0.;Dominantní døevinou øídkého a zakrslého stromového patra je borovice lesní a vzácnì jsou pøimíšeny duby nebo bøíza bìlokorá. Keøové patro má pokryvnost zpravidla do 50 % a mùe bıt druhovì bohaté. Velmi bohaté a hustì zapojené je patro bylinné. Dominantními druhy jsou váleèka prapoøitá, ostøice chabá a o. nízká, vzácnìji také pìchava vápnomilná. Vıznaèná je pøítomnost koniklecù, vstavaèovitıch a fytogeograficky zajímavı je spoleènı vıskyt druhù boreokontinentálních a eurosibiøskıch lesostepních (napø. medvìdice lékaøské, brusnice borùvky, koniklece otevøeného a hruštièkovitıch) a druhù perialpidskıch a submediteránních (napø. èernohlávku velkokvìtého, pìchavy vápnomilné a oanky kalamandry). Mechové patro není vdy pøítomno a má velmi kolísavou pokryvnost. Lesostepní bory se vyskytují na nepøíliš strmıch svazích jiní orientace i v rovinatıch polohách v nadmoøskıch vıškách do 400 m. Geologickım podkladem jsou slínovce, resp. opuky a vápnité pískovce. Pùdy jsou mìlké rendziny, pararendziny a vápnité slinovatky se špatnım provzdušnìním, vysokım podílem skeletu a s tendencí støídavého zamokøování a vysıchání.
54;9110;n;Buèiny asociace Luzulo-Fagetum;N16;Listnaté opadavé lesy;Luzulo-Fagetum beech forests;385;CHYTRİ, M., KUÈERA, T., KOÈÍ, M. (eds.) et al. (2010). Katalog biotopù Èeské republiky. 2.upr. a rozš. vyd. Praha: Agentura ochrany pøírody a krajiny ÈR. 445 s. ISBN 978-80-87457-03-0.;Jedná se o floristicky chudé acidofilní bukové porosty, které se vyskytují v niších polohách. V bukovém prostu je pøimíšen dub, ojedinìle jedle. Vyskytují se na minerálnì chudıch horninách – uly, ruly, køemence, fylity, krystalické bøidlice, kyselé vulkanity. Pùdy jsou vìtšinou mìlké, skeletovité rankery. Ve vyšších polohách se vyskytují smíšené bukové a smrko-jedlo-bukové lesy na všech geologickıch podloích, ale pùdách minerálnì nenasycenıch, náchylnıch k podzolizaci. Keøové patro je málo vyvinuté, tvoøí ho zejména zmlazující jedinci hlavních døevin. V bylinném patøe pøevaují acidofilní a oligotrofní druhy.
55;9130;n;Buèiny asociace Asperulo-Fagetum;N16;Listnaté opadavé lesy;Asperulo-Fagetum beech forests;385;CHYTRİ, M., KUÈERA, T., KOÈÍ, M. (eds.) et al. (2010). Katalog biotopù Èeské republiky. 2.upr. a rozš. vyd. Praha: Agentura ochrany pøírody a krajiny ÈR. 445 s. ISBN 978-80-87457-03-0.;Mezotrofní a eutrofní porosty nesmíšenıch buèin a smíšenıch jedlo-bukovıch lesù zpravidla s vícevrstevnım bylinnım patrem, které vytváøejí typické lesní sciofyty s vysokımi nároky na pùdní iviny. Vyskytují se na rùzném geologickém podloí, na pravidelnìjších svazích se sklonem do 20 stupòù, na støednì hlubokıch a hlubokıch, trvale provlhèenıch pùdách s dobrou humifikaèní schopností. Porosty jsou charakteristické vysokım zápojem.
56;9140;n;Støedoevropské subalpínské buèiny (s javorem – Acer a šovíkem horskım – Rumex arifolius);N16;Listnaté opadavé lesy;Medio-European subalpine beech woods with Acer and Rumex arifolius;385;CHYTRİ, M., KUÈERA, T., KOÈÍ, M. (eds.) et al. (2010). Katalog biotopù Èeské republiky. 2.upr. a rozš. vyd. Praha: Agentura ochrany pøírody a krajiny ÈR. 445 s. ISBN 978-80-87457-03-0.;Vysokobylinné horské javoro-bukové lesy s pøímìsí sutinovıch døevin, pøípadnì jedle a smrku. Vyskytují se pøi høebenovıch a suovıch oblastech vyšších pohoøí. Optimum mají tam, kde tvoøí horní hranici lesa buk. Vyhovují jim mìlké pùdy s vyšším obsahem skeletu a pøíznivou humifikací, charakteristickı je zvıšenı obsah nitrátù. Keøové patro je chudé, tvoøí ho zmlazující jedinci døevin, naopak druhová spoleèenstva jsou bohatá. Charakteristické jsou horské vysokobylinné druhy.
57;9150;n;Støedoevropské vápencové buèiny (Cephalanthero-Fagion);N16;Listnaté opadavé lesy;Medio-European limestone beech forests of the Cephalanthero-Fagion;385;CHYTRİ, M., KUÈERA, T., KOÈÍ, M. (eds.) et al. (2010). Katalog biotopù Èeské republiky. 2.upr. a rozš. vyd. Praha: Agentura ochrany pøírody a krajiny ÈR. 445 s. ISBN 978-80-87457-03-0.;Jedná se o bukové a nebo smíšené lesy s pøevahou buku. Vyskytují se na strmıch skalnatıch svazích s rendzinovımi pùdami na podloí karbonátovıch hornin – (vápencù, dolomitù, travertinù a vápnitıch flyšù) v niších polohách na chladnıch expozicích, ve støedních polohách všech expozic a ve vyšších polohách jiní expozice. Vìtšinou mívají druhovì bohaté keøové patro. V bylinném patøe se vìtšinou mozaikovitì uplatòují druhy rùznıch ekologickıch skupin – lesostepní vápnomilné, mezotrofní ale také oligotrofní druhy a prvky kvìtnatıch buèin.
58;9170;n;Dubohabøiny asociace Galio-Carpinetum;N16;Listnaté opadavé lesy;Galio-Carpinetum oak-hornbeam forests;385;CHYTRİ, M., KUÈERA, T., KOÈÍ, M. (eds.) et al. (2010). Katalog biotopù Èeské republiky. 2.upr. a rozš. vyd. Praha: Agentura ochrany pøírody a krajiny ÈR. 445 s. ISBN 978-80-87457-03-0.;Lesy tvoøené habrem obecnım a dubem zimním nebo dubem letním, v podúrovni stromového patra s èastou pøímìsí lípy srdèité nebo babyky. Podíl hlavních døevin kolísá od porostù èistì habrovıch k èistì dubovım. Keøové patro mùe ale nemusí bıt dobøe vyvinuto, tvoøí je druhy stromového patra a dále napø. líska obecná a hlohy. V bylinném patøe se pravidelnì vyskytují druhy listnatıch lesù bìné i v buèinách (napø. strdivka nící, lipnice hajní a violka lesní) a dále pomìrnì teplomilnìjší mezofilní lesní druhy, napø. zvonek broskvolistı, konvalinka vonná a èernıš hajní. Na jaøe pøed olistìním stromù se vyvíjí nápadnı aspekt s geofyty (napø. sasankami a dymnivkami). Mechové patro je vyvinuto nevıraznì.Pùdy jsou ivinami bohaté, obvykle hlubší, na kyselıch i bazickıch horninách, na svazích a plošinách. Dubohabøiny se vyskytují v nadmoøskıch vıškách do 450 m, vzácnìji a do 550 m.
59;9180;p;Lesy svazu Tilio-Acerion na svazích, sutích a v roklích;N16;Listnaté opadavé lesy;Tilio-Acerion forest of slopes, screes and ravines;385;CHYTRİ, M., KUÈERA, T., KOÈÍ, M. (eds.) et al. (2010). Katalog biotopù Èeské republiky. 2.upr. a rozš. vyd. Praha: Agentura ochrany pøírody a krajiny ÈR. 445 s. ISBN 978-80-87457-03-0.;Azonálnì a pùdním sloením podmínìná spoleèenstva smíšenıch javoro-jasano-lipovıch lesù v suovıch svazích, úlabinách a roklinách na minerálnì bohatších a støednì ivnıch silikátovıch horninách. Velkou druhovou diverzitu døevin zvyšuje pøímìs druhù z kontaktních zonálních spoleèenstev. Keøové patro je bohatì vyvinuté. Ve spoleèenstvu bylin se uplatòují nitrofilní druhy.
60;9190;n;Staré acidofilní doubravy s dubem letním (Quercus robur) na písèitıch pláních;N16;Listnaté opadavé lesy;Old acidophilous oak woods with Quercus robur on sandy plains;385;CHYTRİ, M., KUÈERA, T., KOÈÍ, M. (eds.) et al. (2010). Katalog biotopù Èeské republiky. 2.upr. a rozš. vyd. Praha: Agentura ochrany pøírody a krajiny ÈR. 445 s. ISBN 978-80-87457-03-0.;Dubové porosty lokalizované v terénních depresích v níinách a pahorkatinách. V porostu mùe bıt zastoupeno rùznì velké procento bøízy. Porosty jsou edaficky podmínìné, bìhem dešù v jarním a letním období jsou ovlivnìné stagnující dešovou vodou. V suchém období acidofilní pseudoglejové pùdy vysychají a projevuje se proces podzolizace a v hlubších sníeninách tvorba slatiny. Pùvodní porosty jsou vícepatrové, v keøovém patøe je èastım druhem krušina olšová, v bylinném patøe je charakteristickım druhem bezkolenec rákosovitı, je je doprovázenı acidofilními vlhkomilnımi nìkdy i slatinnımi druhy.
61;9410;n;Acidofilní smrèiny (Vaccinio-Piceetea);N17;Jehliènaté lesy;Acidophilous Picea forests of the montane to alpine levels (Vaccinio-Piceetea);385;CHYTRİ, M., KUÈERA, T., KOÈÍ, M. (eds.) et al. (2010). Katalog biotopù Èeské republiky. 2.upr. a rozš. vyd. Praha: Agentura ochrany pøírody a krajiny ÈR. 445 s. ISBN 978-80-87457-03-0.;Jehliènaté lesy s dominantním smrkem ztepilım, kterı tvoøí rùznovìké porosty. Ve stromovém a keøovém patøe se kromì smrku uplatòují i listnáèe napø. javor klen a jeøáb ptaèí. Bylinné patro je dosti zastínìné a má promìnlivou pokryvnost. Mechové patro je dobøe vyvinuté a jeho pokryvnost dosahuje zejména u rašelinnıch smrèin a 90%.Smrèiny se vyskytují od montánního stupnì vıše. V niších polohách jde o azonální vegetaci podmáèenıch, oglejenıch nebo zrašelinìnıch pùd a vrcholovıch návìtrnıch kopcù a skalnatıch høebenù. V horách jsou smrèiny pøevládajícím typem lesa na svazích a plošinách horskıch høebenù s podzolovımi a kamenitımi pùdami, vzácnìji se vyskytují i na rankerech a v extrémních pøípadech na skalních vıchozech a blokovanıch sutích.
