kod_chu,DRUH,KOD_LOKAL,POLE,POSLEDNI_NALEZ
CZ0210043,Osmoderma barnabita,CZ0210043,6150d,2015-10-02
CZ0212020,Lampetra planeri,CZ0212020,5555a,2012-08-17
CZ0213009,Lampetra planeri,CZ0213009,6355a,2014-09-04
CZ0213009,Lampetra planeri,Polánecký potok,6355a,2023-11-14
CZ0213009,Lampetra planeri,Vlašimská Blanice,6355a,2023-08-15
CZ0213009,Lampetra planeri,Vlašimská Blanice,6355c,2023-08-15
CZ0213009,Lampetra planeri,Vlašimská Blanice,6454d,2023-08-15
CZ0213009,Lampetra planeri,Vlašmská Blanice,6454d,2022-08-30
CZ0213009,Lampetra planeri,Vlašímská Blanice,6355c,2022-08-30
CZ0213009,Osmoderma barnabita,5734,6255c,2015-08-19
CZ0213009,Osmoderma barnabita,CZ0213009,6255c,2024-07-03
CZ0213015,Osmoderma barnabita,CZ0213015,6251a,2015-05-23
CZ0213016,Lampetra planeri,CZ0213016,5851a,2014-09-23
CZ0213016,Lampetra planeri,CZ0213016,5851c,2014-09-23
CZ0213042,Lampetra planeri,CZ0213042,6256a,2016-11-11
CZ0213042,Lampetra planeri,LOP_002_Losinský potok,6256a,2023-10-22
CZ0213050,Lampetra planeri,CZ0213050,6249b,2025-03-26
CZ0213069,Lampetra planeri,SEP_001_Sedlečský potok,6354d,2022-09-09
CZ0213069,Lampetra planeri,Sedlečský potok,6354b,2023-09-07
CZ0213069,Lampetra planeri,Sedlečský potok,6354d,2023-09-08
CZ0213070,Osmoderma barnabita,CZ0213070,5750b,2014-01-16
CZ0213070,Osmoderma barnabita,CZ0213070,5750c,2021-07-30
CZ0213072,Osmoderma barnabita,CZ0213072,5850a,2023-04-17
CZ0213076,Lampetra planeri,CZ0213076,6256a,2015-09-01
CZ0213076,Lampetra planeri,CZ0213076,6256c,2022-10-13
CZ0213076,Lampetra planeri,STP_001_Štěpánovský potok,6256a,2023-10-22
CZ0213076,Lampetra planeri,STP_002_Štěpánovský potok,6256c,2023-10-22
CZ0213076,Lampetra planeri,STP_003_Štěpánovský potok,6256c,2023-10-22
CZ0213076,Lampetra planeri,Štěpánovský potok,6256a,2019-06-19
CZ0213083,Osmoderma barnabita,CZ0213083,5751b,2021-07-30
CZ0213083,Osmoderma barnabita,CZ0213083,5752a,2022-08-13
CZ0213512,Bombina variegata,CZ0213512,6049a,2022-05-14
CZ0213512,Bombina variegata,amp12,6049a,2024-06-03
CZ0213783,Bombina variegata,CZ0213783,6149d,2024-08-13
CZ0213787,Bombina variegata,CZ0213787,6249a,2024-07-05
CZ0213792,Osmoderma barnabita,CZ0213792,6057b,2012-06-28
CZ0213792,Osmoderma barnabita,CZ0213792,6058a,2012-06-28
CZ0213814,Lampetra planeri,CZ0213814,6248c,2016-07-12
CZ0213817,Lampetra planeri,OBP_001_Obecnický potok,6249d,2023-09-03
CZ0213817,Lampetra planeri,OBP_002 _Obecnický potok,6249d,2023-09-03
CZ0213818,Lampetra planeri,CZ0213818,6249d,2016-08-09
CZ0213818,Lampetra planeri,OCT_001_Octárna,6249d,2021-11-08
CZ0213818,Lampetra planeri,OCT_002_Octárna,6249d,2023-09-03
CZ0213818,Lampetra planeri,OCT_003_Octárna,6249d,2023-09-03
CZ0213822,Bombina variegata,CZ0213822,6048b,2024-07-16
CZ0214007,Osmoderma barnabita,CZ0214007,5854b,2019-12-04
CZ0214008,Lampetra planeri,CZ0214008,5849c,2024-07-11
CZ0214008,Lampetra planeri,CZ0214008,5949a,2024-07-11
CZ0214008,Lampetra planeri,Klíčava,5849c,2018-08-20
CZ0214008,Osmoderma barnabita,CZ0214008,5849c,2018-07-07
CZ0214008,Osmoderma barnabita,CZ0214008,5849d,2020-07-29
CZ0214008,Osmoderma barnabita,CZ0214008,5949b,2015-06-01
CZ0214009,Osmoderma barnabita,BROUCI165,5856d,2021-01-01
CZ0214009,Osmoderma barnabita,BROUCI166,5856d,2021-01-01
CZ0214011,Bombina variegata,CZ0214011,6048b,2021-08-03
CZ0214013,Lampetra planeri,CZ0214013,5653c,2014-09-23
CZ0214015,Bombina variegata,CZ0214015,5949d,2021-05-03
CZ0214015,Bombina variegata,CZ0214015_1,5949d,2023-09-28
CZ0214015,Bombina variegata,CZ0214015_10,5949d,2024-06-29
CZ0214015,Bombina variegata,CZ0214015_11,5949d,2024-06-29
CZ0214015,Bombina variegata,CZ0214015_2,5949d,2024-04-30
CZ0214015,Bombina variegata,CZ0214015_3,5949d,2024-04-30
CZ0214015,Bombina variegata,CZ0214015_4,5949d,2024-06-29
CZ0214015,Bombina variegata,CZ0214015_5,5949d,2024-06-29
CZ0214015,Bombina variegata,CZ0214015_6,5949d,2024-06-29
CZ0214015,Bombina variegata,CZ0214015_7,5949d,2024-06-29
CZ0214015,Bombina variegata,CZ0214015_8,5949d,2024-06-29
CZ0214015,Bombina variegata,CZ0214015_9,5949d,2024-06-29
CZ0214041,Lampetra planeri,CZ0214041,6348d,2016-08-23
CZ0214041,Lampetra planeri,CZ0214041,6448b,2016-06-05
CZ0214041,Lampetra planeri,KOT_002_Niva Kotelského potoka,6348d,2023-09-03
CZ0214041,Lampetra planeri,Kotelský a Nový potok,6348d,2018-10-05
CZ0214041,Lampetra planeri,Niva Kotelského potoka,6348d,2023-09-03
CZ0214041,Osmoderma barnabita,CZ0214041,6448b,2020-07-24
CZ0310001,Osmoderma barnabita,599,6955d,2019-01-01
CZ0310035,Lampetra planeri,CZ0310035,7251b,2019-10-25
CZ0310035,Lampetra planeri,CZ0310035,7251d,2019-10-25
CZ0310035,Lampetra planeri,CZ0310035,7352a,2019-10-25
CZ0313092,Lampetra planeri,BEP_001_Bedřichovský potok,7254a,2022-10-23
CZ0313092,Lampetra planeri,BEP_002_Bedřichovský potok,7254a,2023-10-22
CZ0313092,Lampetra planeri,BEP_003_Bedřichovský potok,7254a,2023-10-22
CZ0313092,Lampetra planeri,CZ0313092,7254a,2022-06-11
CZ0313092,Lampetra planeri,CZ0313092,7254c,2012-09-20
CZ0313094,Osmoderma barnabita,5867,6549c,2019-01-01
CZ0313094,Osmoderma barnabita,CZ0313094,6549c,2019-01-01
CZ0313098,Osmoderma barnabita,CZ0313098,6854c,2020-04-10
CZ0313099,Osmoderma barnabita,CZ0313099,6952b,2019-01-01
CZ0313099,Osmoderma barnabita,CZ0313099,6952c,2021-08-04
CZ0313099,Osmoderma barnabita,CZ0313099,6952d,2022-06-19
CZ0313106,Osmoderma barnabita,CZ0313106,6754c,2012-02-24
CZ0313106,Osmoderma barnabita,CZ0313106,6854d,2012-03-16
CZ0313106,Osmoderma barnabita,CZ0313106,6955a,2015-04-11
CZ0313113,Osmoderma barnabita,BROUCI156_156,7254b,2021-09-23
CZ0313113,Osmoderma barnabita,CZ0313113,7154d,2015-07-21
CZ0313113,Osmoderma barnabita,CZ0313113,7254b,2021-08-25
CZ0313128,Osmoderma barnabita,CZ0313128,6854c,2015-01-01
CZ0313128,Osmoderma barnabita,CZ0313128,6854d,2024-07-06
CZ0313131,Osmoderma barnabita,CZ0313131,6954d,2021-12-07
CZ0313131,Osmoderma barnabita,CZ0313131,7054b,2021-12-03
CZ0313137,Lampetra planeri,CZ0313137,7254b,2015-11-22
CZ0313137,Lampetra planeri,VEP_002 Veveřský potok,7254b,2023-10-08
CZ0313137,Lampetra planeri,VEP_002_Veveřský potok,7254b,2022-09-17
CZ0313137,Lampetra planeri,VEP_003 Veveřský potok,7254b,2023-10-08
CZ0313137,Lampetra planeri,VEP_003_Veveřský potok,7254b,2022-09-17
CZ0313138,Osmoderma barnabita,CZ0313138,6952d,2020-04-19
CZ0313140,Lampetra planeri,CZ0313140,6448d,2012-09-20
CZ0313805,Lampetra planeri,BLA_001_Blanice,6949d,2022-10-26
CZ0313805,Lampetra planeri,BLA_002_Blanice,6949d,2022-10-26
CZ0313805,Lampetra planeri,BLA_003_Blanice,6949d,2022-10-26
CZ0313805,Lampetra planeri,Blanice,6949d,2019-10-26
CZ0313805,Lampetra planeri,CZ0313805,6949d,2014-09-04
CZ0313822,Lampetra planeri,CZ0313822,6956c,2019-11-17
CZ0314019,Osmoderma barnabita,2,6954a,2012-04-23
CZ0314019,Osmoderma barnabita,CZ0314019,6954a,2022-07-23
CZ0314022,Lampetra planeri,CZ0314022,7252d,2024-04-24
CZ0314022,Lampetra planeri,CZ0314022,7253c,2012-09-07
CZ0314022,Lampetra planeri,CZ0314022,7352b,2024-04-24
CZ0314022,Lampetra planeri,CZ0314022,7352d,2024-04-24
CZ0314022,Lampetra planeri,CZ0314022,7353c,2024-04-24
CZ0314022,Lampetra planeri,CZ0314022,7353d,2012-09-07
CZ0314023,Bombina variegata,CZ0314023,7055a,2024-04-06
CZ0314023,Lampetra planeri,CZ0314023,6954d,2015-05-29
CZ0314023,Lampetra planeri,CZ0314023,7055a,2019-10-06
CZ0314023,Lampetra planeri,CZ0314023,7055c,2015-09-08
CZ0314023,Lampetra planeri,CZ0314023,7155a,2019-09-21
CZ0314023,Lampetra planeri,CZ0314023,7155d,2019-09-21
CZ0314023,Lampetra planeri,Lužnice,6954d,2021-10-13
CZ0314023,Lampetra planeri,Lužnice,7055c,2021-09-20
CZ0314023,Lampetra planeri,Lužnice,7155a,2021-10-13
CZ0314023,Osmoderma barnabita,407,7055a,2012-04-23
CZ0314023,Osmoderma barnabita,CZ0314023,6954b,2021-06-15
CZ0314023,Osmoderma barnabita,CZ0314023,6954d,2015-07-23
CZ0314023,Osmoderma barnabita,CZ0314023,6955c,2023-03-16
CZ0314023,Osmoderma barnabita,CZ0314023,7055a,2015-03-31
CZ0314024,Bombina variegata,CZ0314024,6744b,2014-06-13
CZ0314024,Lampetra planeri,CZ0314024,6744b,2016-01-12
CZ0314024,Lampetra planeri,CZ0314024,6744d,2016-08-02
CZ0314024,Lampetra planeri,CZ0314024,6745b,2021-12-18
CZ0314024,Lampetra planeri,CZ0314024,6746a,2016-10-20
CZ0314024,Lampetra planeri,CZ0314024,6747c,2015-05-03
CZ0314024,Lampetra planeri,CZ0314024,6845b,2015-09-01
CZ0314024,Lampetra planeri,CZ0314024,6846a,2022-08-19
CZ0314024,Lampetra planeri,CZ0314024,6846b,2019-06-21
CZ0314024,Lampetra planeri,CZ0314024,6846c,2015-09-01
CZ0314024,Lampetra planeri,CZ0314024,6847a,2018-04-27
CZ0314024,Lampetra planeri,CZ0314024,6847c,2021-08-11
CZ0314024,Lampetra planeri,CZ0314024,6947d,2023-09-14
CZ0314024,Lampetra planeri,CZ0314024,6949d,2024-12-06
CZ0314024,Lampetra planeri,CZ0314024,7047b,2024-07-03
CZ0314024,Lampetra planeri,CZ0314024,7048a,2023-09-18
CZ0314024,Lampetra planeri,CZ0314024,7048c,2023-09-19
CZ0314024,Lampetra planeri,CZ0314024,7048d,2024-05-06
CZ0314024,Lampetra planeri,CZ0314024,7049a,2023-06-26
CZ0314024,Lampetra planeri,CZ0314024,7049b,2024-04-13
CZ0314024,Lampetra planeri,CZ0314024,7049d,2023-08-23
CZ0314024,Lampetra planeri,CZ0314024,7050c,2023-10-13
CZ0314024,Lampetra planeri,CZ0314024,7050d,2023-10-03
CZ0314024,Lampetra planeri,CZ0314024,7148b,2023-06-04
CZ0314024,Lampetra planeri,CZ0314024,7148d,2024-06-21
CZ0314024,Lampetra planeri,CZ0314024,7149a,2024-06-20
CZ0314024,Lampetra planeri,CZ0314024,7149b,2023-06-27
CZ0314024,Lampetra planeri,CZ0314024,7149d,2021-04-16
CZ0314024,Lampetra planeri,CZ0314024,7249b,2020-04-27
CZ0314024,Lampetra planeri,CZ0314024,7250d,2012-06-25
CZ0314024,Lampetra planeri,CZ0314024,7350a,2015-05-05
CZ0314024,Lampetra planeri,CZ0314024,7350d,2012-07-11
CZ0314024,Lampetra planeri,OST_007_Ostružná,6746a,2020-09-27
CZ0314024,Lampetra planeri,Ostružná,6745b,2022-10-18
CZ0314024,Lampetra planeri,Ostružná,6746a,2022-10-18
CZ0314024,Lampetra planeri,SUM_CG_042_Šumava,7350a,2023-10-05
CZ0314024,Lampetra planeri,SUM_LP_001_Šumava,6744a,2023-09-04
CZ0314024,Lampetra planeri,SUM_LP_002_Šumava,6744b,2023-09-04
CZ0314024,Lampetra planeri,SUM_LP_003_Šumava,6744b,2023-09-04
CZ0314024,Lampetra planeri,SUM_LP_004_Šumava,6744b,2023-09-04
CZ0314024,Lampetra planeri,SUM_LP_005_Šumava,6744d,2023-09-04
CZ0314024,Lampetra planeri,SUM_LP_006_Šumava,6744d,2023-09-04
CZ0314024,Lampetra planeri,SUM_LP_007_Šumava,6745a,2023-09-06
CZ0314024,Lampetra planeri,SUM_LP_008_Šumava,6745a,2023-09-06
CZ0314024,Lampetra planeri,SUM_LP_009_Šumava,6745c,2023-09-06
CZ0314024,Lampetra planeri,SUM_LP_010_Šumava,7049b,2023-09-22
CZ0314024,Lampetra planeri,SUM_LP_011_Šumava,7049a,2023-10-13
CZ0314024,Lampetra planeri,SUM_LP_012_Šumava,7049b,2023-09-27
CZ0314024,Lampetra planeri,SUM_LP_013_Šumava,7049d,2023-09-27
CZ0314024,Lampetra planeri,SUM_LP_014_Šumava,7149a,2023-10-04
CZ0314024,Lampetra planeri,SUM_LP_015_Šumava,7049b,2023-09-27
CZ0314024,Lampetra planeri,SUM_LP_016_Šumava,7049d,2023-09-27
CZ0314024,Lampetra planeri,SUM_LP_017_Šumava,7149b,2023-09-27
CZ0314024,Lampetra planeri,SUM_LP_018_Šumava,6949c,2023-09-22
CZ0314024,Lampetra planeri,SUM_LP_019_Šumava,7050d,2023-10-03
CZ0314024,Lampetra planeri,SUM_LP_020_Šumava,7050c,2023-10-03
CZ0314024,Lampetra planeri,SUM_LP_021_Šumava,7050c,2023-10-03
CZ0314024,Lampetra planeri,SUM_LP_022_Šumava,7050c,2023-10-13
CZ0314024,Lampetra planeri,SUM_LP_023_Šumava,7050d,2023-10-03
CZ0314024,Lampetra planeri,SUM_LP_024_Šumava,7050c,2023-10-13
CZ0314024,Lampetra planeri,SUM_LP_025_Šumava,7149d,2023-10-04
CZ0314024,Lampetra planeri,SUM_LP_026_Šumava,7048d,2023-09-21
CZ0314024,Lampetra planeri,SUM_LP_027_Šumava,7048a,2020-10-29
CZ0314024,Lampetra planeri,SUM_LP_027_Šumava,7048c,2024-01-18
CZ0314024,Lampetra planeri,SUM_LP_028_Šumava,7149a,2023-09-20
CZ0314024,Lampetra planeri,SUM_LP_029_Šumava,7149d,2023-10-04
CZ0314024,Lampetra planeri,SUM_LP_030_Šumava,7047b,2023-09-14
CZ0314024,Lampetra planeri,SUM_LP_031_Šumava,6947d,2023-09-14
CZ0314024,Lampetra planeri,SUM_LP_032_Šumava,7048d,2023-09-21
CZ0314024,Lampetra planeri,SUM_LP_033_Šumava,7048d,2023-09-21
CZ0314024,Lampetra planeri,SUM_LP_034_Šumava,7048c,2023-09-19
CZ0314024,Lampetra planeri,SUM_LP_035_Šumava,7250c,2023-10-06
CZ0314024,Lampetra planeri,SUM_LP_036_Šumava,7249d,2023-10-05
CZ0314024,Lampetra planeri,SUM_LP_037,7250c,2023-10-05
CZ0314024,Lampetra planeri,SUM_LP_037_Šumava,7250c,2022-10-28
CZ0314024,Lampetra planeri,SUM_LP_037Šumava,7250c,2020-10-30
CZ0314024,Lampetra planeri,SUM_LP_038_Šumava,6847c,2023-09-07
CZ0314024,Lampetra planeri,SUM_LP_039_Šumava,6746d,2023-09-06
CZ0314024,Lampetra planeri,SUM_LP_040_Šumava,6846b,2023-09-07
CZ0314024,Lampetra planeri,SUM_LP_041_Šumava,6847c,2023-09-07
CZ0314024,Lampetra planeri,SUM_LP_042_Šumava,6847c,2023-09-12
CZ0314024,Lampetra planeri,SUM_LP_043_Šumava,7350a,2023-10-05
CZ0314024,Lampetra planeri,SUM_LP_044_Šumava,7350a,2023-10-05
CZ0314024,Lampetra planeri,SUM_LP_045_Ostružná,6745d,2023-09-12
CZ0314024,Lampetra planeri,SUM_LP_046_Šumava,7050d,2023-10-03
CZ0314024,Lampetra planeri,SUM_LP_047_Šumava,7050d,2023-10-03
CZ0314024,Lampetra planeri,Teplá Vltava a Zelenohorský p.,7047b,2018-10-15
CZ0314024,Lampetra planeri,Teplá Vltava a Zelenohorský p.,7048a,2018-10-15
CZ0314024,Lampetra planeri,Teplá Vltava a Zelenohorský p.,7048c,2018-10-15
CZ0314024,Lampetra planeri,Šumava,6744d,2021-10-27
CZ0314024,Lampetra planeri,Šumava,6745a,2021-10-27
CZ0314024,Lampetra planeri,Šumava,6745b,2020-09-26
CZ0314024,Lampetra planeri,Šumava,6745c,2020-09-26
CZ0314024,Lampetra planeri,Šumava,6745d,2021-10-27
CZ0314024,Lampetra planeri,Šumava,6746d,2020-09-27
CZ0314024,Lampetra planeri,Šumava,6845a,2021-10-27
CZ0314024,Lampetra planeri,Šumava,6845b,2021-09-19
CZ0314024,Lampetra planeri,Šumava,6845c,2021-10-27
CZ0314024,Lampetra planeri,Šumava,6845d,2021-10-27
CZ0314024,Lampetra planeri,Šumava,6846a,2021-10-27
CZ0314024,Lampetra planeri,Šumava,6846c,2021-09-19
CZ0314024,Lampetra planeri,Šumava,6846d,2021-09-19
CZ0314024,Lampetra planeri,Šumava,6847a,2020-09-28
CZ0314024,Lampetra planeri,Šumava,6847c,2021-10-27
CZ0314024,Lampetra planeri,Šumava,6946b,2021-09-18
CZ0314024,Lampetra planeri,Šumava,6947b,2020-10-28
CZ0314024,Lampetra planeri,Šumava,6947d,2021-09-18
CZ0314024,Lampetra planeri,Šumava,6948a,2020-10-28
CZ0314024,Lampetra planeri,Šumava,6948c,2021-10-27
CZ0314024,Lampetra planeri,Šumava,6948d,2021-10-27
CZ0314024,Lampetra planeri,Šumava,6949c,2020-10-28
CZ0314024,Lampetra planeri,Šumava,6949d,2020-10-28
CZ0314024,Lampetra planeri,Šumava,7048a,2021-10-28
CZ0314024,Lampetra planeri,Šumava,7048c,2021-09-18
CZ0314024,Lampetra planeri,Šumava,7048d,2020-10-29
CZ0314024,Lampetra planeri,Šumava,7050d,2020-10-29
CZ0314024,Lampetra planeri,Šumava,7148b,2021-09-18
CZ0314024,Lampetra planeri,Šumava,7149a,2021-09-18
CZ0314024,Lampetra planeri,Šumava,7149b,2022-10-26
CZ0314024,Lampetra planeri,Šumava,7149d,2022-09-11
CZ0314024,Lampetra planeri,Šumava,7249b,2020-10-28
CZ0314024,Lampetra planeri,Šumava,7249d,2020-10-30
CZ0314024,Lampetra planeri,Šumava,7250a,2020-10-29
CZ0314024,Lampetra planeri,Šumava,7350a,2020-10-30
CZ0314024,Lampetra planeri,Šumava,7350b,2020-10-30
CZ0314024,Lampetra planeri,Šumava,7350c,2021-10-29
CZ0314024,Lampetra planeri,Šumava,7350d,2021-10-29
CZ0314024,Lampetra planeri,Šumava,7450b,2021-10-29
CZ0314024,Lampetra planeri,Šumava,7451a,2021-10-29
CZ0314123,Bombina variegata,CZ0314123,7150b,2020-10-03
CZ0314123,Bombina variegata,CZ0314123,7151c,2019-08-13
CZ0314123,Bombina variegata,amp330,7150b,2024-07-12
CZ0314123,Bombina variegata,amp331,7151c,2021-09-03
CZ0314123,Bombina variegata,amp344,7151c,2024-07-12
CZ0314123,Lampetra planeri,CZ0314123,7149d,2022-06-02
CZ0314123,Lampetra planeri,CZ0314123,7151a,2014-10-17
CZ0314124,Bombina variegata,CZ0314124,7151d,2016-05-31
CZ0314124,Lampetra planeri,BLL_LP_001_Blanský les,7052c,2023-10-29
CZ0314124,Lampetra planeri,BLL_LP_002_Blanský les,7152a,2023-10-29
CZ0314124,Lampetra planeri,BLL_LP_003_Blanský les,7152a,2023-10-29
CZ0314124,Lampetra planeri,BLL_LP_004_Blanský les,7152a,2023-10-29
CZ0314124,Lampetra planeri,BLL_LP_005_Blanský les,7152c,2023-10-28
CZ0314124,Lampetra planeri,BLL_LP_006_Blanský les,7152c,2023-10-28
CZ0314124,Lampetra planeri,BLL_LP_007_Blanský les,7151d,2023-10-28
CZ0314124,Lampetra planeri,BLL_LP_008_Blanský les,7051d,2023-10-28
CZ0314124,Lampetra planeri,BLL_LP_009_Blanský les,7051c,2023-10-28
CZ0314124,Lampetra planeri,BLL_LP_010_Blanský les,7051c,2023-10-27
CZ0314124,Lampetra planeri,BLL_LP_011_Blanský les,7051c,2023-10-27
CZ0314124,Lampetra planeri,BLL_LP_012_Blanský les,7051c,2023-10-27
CZ0314124,Lampetra planeri,BLL_LP_013_Blanský les,7051c,2023-10-27
CZ0314124,Lampetra planeri,BLL_LP_014_Blanský les,7151d,2023-10-28
CZ0314124,Lampetra planeri,BLL_LP_015_Blanský les,7151c,2023-10-28
CZ0314124,Lampetra planeri,BLL_LP_016_Blanský les,7151a,2023-10-28
CZ0314124,Lampetra planeri,Blanský les,7050d,2022-10-28
CZ0314124,Lampetra planeri,Blanský les,7051c,2022-10-28
CZ0314124,Lampetra planeri,Blanský les,7051d,2022-10-28
CZ0314124,Lampetra planeri,Blanský les,7052c,2022-11-06
CZ0314124,Lampetra planeri,Blanský les,7151a,2022-10-28
CZ0314124,Lampetra planeri,Blanský les,7151c,2022-10-28
CZ0314124,Lampetra planeri,Blanský les,7151d,2022-11-05
CZ0314124,Lampetra planeri,Blanský les,7152a,2019-10-28
CZ0314124,Lampetra planeri,Blanský_les,7152a,2019-10-28
CZ0314124,Lampetra planeri,CZ0314124,7051c,2014-09-03
CZ0314124,Lampetra planeri,CZ0314124,7151a,2021-03-31
CZ0314124,Lampetra planeri,CZ0314124,7151c,2022-03-25
CZ0314124,Lampetra planeri,CZ0314124,7152a,2024-03-25
CZ0314124,Lampetra planeri,CZ0314124,7152c,2012-08-31
CZ0314126,Lampetra planeri,CZ0314126,6953a,2012-09-26
CZ0314126,Osmoderma barnabita,CZ0314126,6852d,2019-01-01
CZ0314126,Osmoderma barnabita,CZ0314126,6952b,2020-07-20
CZ0314641,Lampetra planeri,CZ0314641,6950c,2017-11-09
CZ0314641,Lampetra planeri,CZ0314641,7050a,2024-08-12
CZ0314641,Lampetra planeri,Zlatý potok,6950c,2022-09-09
CZ0314641,Lampetra planeri,Zlatý potok,7050a,2022-09-09
CZ0320053,Osmoderma barnabita,CZ0320053,6048d,2013-10-29
CZ0320140,Bombina variegata,CZ0320140,6447c,2014-04-24
CZ0322055,Bombina variegata,CZ0322055,6442d,2021-09-21
CZ0323143,Bombina variegata,CZ0323143,6447a,2024-06-08
CZ0323145,Lampetra planeri,CZ0323145,6347d,2016-07-07
CZ0323145,Lampetra planeri,CZ0323145,6348c,2016-07-08
CZ0323151,Lampetra planeri,CZ0323151,6341b,2020-11-16
CZ0323155,Osmoderma barnabita,BROUCI113,6347a,2022-08-08
CZ0323155,Osmoderma barnabita,BROUCI255,6347a,2023-06-19
CZ0323155,Osmoderma barnabita,BROUCI256,6347a,2023-06-19
CZ0323159,Osmoderma barnabita,CZ0323159,6246b,2013-11-06
CZ0323160,Bombina variegata,CZ0323160,6443b,2024-06-07
CZ0323162,Bombina variegata,CZ0323162,6445b,2024-07-14
CZ0323165,Lampetra planeri,CZ0323165,6443c,2015-10-19
CZ0323165,Lampetra planeri,RAD_001_Radbuza,6443c,2022-09-24
CZ0323165,Lampetra planeri,Radbuza,6442b,2024-10-22
CZ0323165,Lampetra planeri,Radbuza,6443a,2024-10-22
CZ0323165,Lampetra planeri,Radbuza,6443c,2018-10-02
CZ0323166,Lampetra planeri,CZ0323166,6441b,2015-10-25
CZ0323166,Lampetra planeri,CZ0323166,6442c,2022-05-04
CZ0323167,Bombina variegata,CZ0323167,6247c,2022-05-18
CZ0323167,Bombina variegata,CZ0323167,6247d,2024-06-17
CZ0323167,Bombina variegata,amp67/ab,6247d,2019-06-17
CZ0323167,Bombina variegata,amp67/ac,6247d,2024-06-25
CZ0323167,Bombina variegata,amp67/ad,6247d,2024-06-25
CZ0323167,Bombina variegata,amp67/ae,6247d,2024-06-25
CZ0323167,Bombina variegata,amp67/af,6247c,2019-06-17
CZ0323167,Bombina variegata,amp67/ag,6247c,2019-06-17
CZ0323167,Bombina variegata,amp67/ah,6247c,2019-06-17
CZ0323167,Bombina variegata,amp67/ai,6247c,2019-06-17
CZ0323167,Bombina variegata,amp67/aj,6247c,2024-06-25
CZ0323167,Bombina variegata,amp67/ak,6247c,2019-06-17
CZ0323167,Bombina variegata,amp67/al,6247c,2019-06-17
CZ0323167,Bombina variegata,amp67/am,6247c,2024-06-25
CZ0323167,Bombina variegata,amp67/an,6247c,2019-06-17
CZ0323167,Bombina variegata,amp67/ao,6247c,2023-06-08
CZ0323167,Bombina variegata,amp67/ap,6247c,2019-06-17
CZ0323167,Bombina variegata,amp67/aq,6247c,2024-06-25
CZ0323167,Bombina variegata,amp67/ar,6247d,2019-06-17
CZ0323167,Bombina variegata,amp67/as,6247d,2019-06-17
CZ0323167,Bombina variegata,amp67/at,6247d,2019-06-17
CZ0323167,Bombina variegata,amp67/au,6247d,2019-06-17
CZ0323167,Bombina variegata,amp67/av,6247d,2019-06-17
CZ0323167,Bombina variegata,amp67/aw,6247d,2019-06-17
CZ0323167,Bombina variegata,amp67/ax,6247d,2019-06-17
CZ0323167,Bombina variegata,amp67/ay,6247d,2024-06-25
CZ0323167,Bombina variegata,amp67/az,6247d,2019-06-17
CZ0323167,Bombina variegata,amp67/ba,6247d,2024-06-25
CZ0323167,Bombina variegata,amp67/bb,6247c,2019-06-17
CZ0323167,Bombina variegata,amp67/be,6247d,2021-06-02
CZ0323167,Bombina variegata,amp67/bf,6247d,2020-06-02
CZ0323167,Bombina variegata,amp67/bg,6247d,2024-06-25
CZ0323167,Bombina variegata,amp67/bh,6247c,2022-06-08
CZ0323167,Bombina variegata,amp67/bi,6247c,2023-06-08
CZ0323167,Bombina variegata,amp67/bj,6247c,2021-06-02
CZ0323167,Bombina variegata,amp67/bk,6247d,2021-06-02
CZ0323167,Bombina variegata,amp67/bl,6247d,2021-06-02
CZ0323167,Bombina variegata,amp67/bn,6247d,2022-06-08
CZ0323167,Bombina variegata,amp67/bo,6247d,2022-06-08
CZ0323167,Bombina variegata,amp67/bp,6247d,2022-06-08
CZ0323167,Bombina variegata,amp67/bq,6247d,2024-06-25
CZ0323167,Bombina variegata,amp67/br,6247d,2022-06-08
CZ0323167,Bombina variegata,amp67/bs,6247d,2024-06-25
CZ0323167,Bombina variegata,amp67/bt,6247d,2024-06-25
CZ0323167,Bombina variegata,amp67/bu,6247c,2024-06-25
CZ0323167,Bombina variegata,amp67/bv,6247d,2022-06-08
CZ0323167,Bombina variegata,amp67/bw,6247d,2022-06-08
CZ0323167,Bombina variegata,amp67/bx,6247d,2023-06-08
CZ0323167,Bombina variegata,amp67/by,6247d,2024-06-25
CZ0323167,Bombina variegata,amp67/bz,6247d,2022-06-08
CZ0323167,Bombina variegata,amp67/cb,6247d,2023-06-08
CZ0323167,Bombina variegata,amp67/cc,6247d,2024-06-25
CZ0323167,Bombina variegata,amp67/cd,6247d,2024-06-25
CZ0323167,Bombina variegata,amp67/ce,6247d,2024-06-25
CZ0323167,Bombina variegata,amp67/cf,6247d,2024-06-25
CZ0323167,Bombina variegata,amp67/cg,6247d,2024-06-25
CZ0323167,Bombina variegata,amp67/ch,6247d,2024-06-25
CZ0323167,Bombina variegata,amp67/ci,6247d,2024-06-25
CZ0323167,Bombina variegata,amp67/cj,6247d,2023-06-08
CZ0323167,Bombina variegata,amp67/cl,6247d,2024-06-25
CZ0323167,Bombina variegata,amp67/cm,6247d,2023-06-08
CZ0323167,Bombina variegata,amp67/cn,6247d,2024-06-25
CZ0323167,Bombina variegata,amp67/cq,6247d,2024-06-25
CZ0323167,Bombina variegata,amp67/cr,6247d,2024-06-25
CZ0323167,Bombina variegata,amp67/cs,6247d,2024-06-25
CZ0323167,Bombina variegata,amp67/ct,6247d,2024-06-25
CZ0323167,Bombina variegata,amp67/cu,6247d,2024-06-25
CZ0323167,Bombina variegata,amp67/cv,6247d,2024-06-25
CZ0323167,Bombina variegata,amp67/cw,6247d,2024-06-25
CZ0323167,Bombina variegata,amp67/cx,6247d,2024-06-25
CZ0323167,Bombina variegata,amp67/cy,6247d,2024-06-25
CZ0323167,Bombina variegata,amp67/cz,6247d,2024-06-25
CZ0323167,Bombina variegata,amp67/da,6247d,2024-06-25
CZ0323167,Bombina variegata,amp67/db,6247d,2024-06-25
CZ0323167,Bombina variegata,amp67/dc,6247c,2024-06-25
CZ0323167,Bombina variegata,amp67/p,6247d,2022-06-08
CZ0323167,Bombina variegata,amp67/r,6247d,2019-06-17
CZ0323167,Bombina variegata,amp67/s,6247d,2019-06-17
CZ0323167,Bombina variegata,amp67/t,6247d,2024-06-25
CZ0323167,Bombina variegata,amp67/u,6247d,2019-06-17
CZ0323167,Bombina variegata,amp67/v,6247d,2024-06-25
CZ0323167,Bombina variegata,amp67/w,6247d,2024-06-25
CZ0323167,Bombina variegata,amp67/x,6247d,2024-06-25
CZ0323167,Bombina variegata,amp67/y,6247d,2019-06-17
CZ0323167,Bombina variegata,amp67/z,6247d,2022-06-08
CZ0323169,Bombina variegata,CZ0323169,6243b,2024-05-05
CZ0323169,Bombina variegata,amp70/a,6243b,2019-07-10
CZ0323169,Bombina variegata,amp70/aa,6243b,2021-07-13
CZ0323169,Bombina variegata,amp70/ab,6243b,2022-06-30
CZ0323169,Bombina variegata,amp70/ac,6243b,2022-06-30
CZ0323169,Bombina variegata,amp70/ad,6243b,2021-07-13
CZ0323169,Bombina variegata,amp70/ae,6243b,2019-07-10
CZ0323169,Bombina variegata,amp70/af,6243b,2024-07-03
CZ0323169,Bombina variegata,amp70/ag,6243b,2019-07-10
CZ0323169,Bombina variegata,amp70/ah,6243b,2019-07-10
CZ0323169,Bombina variegata,amp70/ai,6243b,2022-06-30
CZ0323169,Bombina variegata,amp70/aj,6243b,2021-07-13
CZ0323169,Bombina variegata,amp70/ak,6243b,2022-06-30
CZ0323169,Bombina variegata,amp70/al,6243b,2020-06-16
CZ0323169,Bombina variegata,amp70/am,6243b,2024-07-03
CZ0323169,Bombina variegata,amp70/an,6243b,2021-07-13
CZ0323169,Bombina variegata,amp70/ao,6243b,2019-07-10
CZ0323169,Bombina variegata,amp70/ap,6243b,2022-06-30
CZ0323169,Bombina variegata,amp70/aq,6243b,2019-07-10
CZ0323169,Bombina variegata,amp70/ar,6243b,2022-06-30
CZ0323169,Bombina variegata,amp70/as,6243b,2024-07-03
CZ0323169,Bombina variegata,amp70/at,6243b,2022-06-30
CZ0323169,Bombina variegata,amp70/au,6243b,2020-05-20
CZ0323169,Bombina variegata,amp70/av,6243b,2024-07-03
CZ0323169,Bombina variegata,amp70/aw,6243b,2020-07-01
CZ0323169,Bombina variegata,amp70/ax,6243b,2024-07-03
CZ0323169,Bombina variegata,amp70/ay,6243b,2022-06-30
CZ0323169,Bombina variegata,amp70/az,6243b,2024-07-03
CZ0323169,Bombina variegata,amp70/b,6243b,2021-06-03
CZ0323169,Bombina variegata,amp70/ba,6243b,2024-07-03
CZ0323169,Bombina variegata,amp70/bb,6243b,2024-07-03
CZ0323169,Bombina variegata,amp70/bc,6243b,2020-07-01
CZ0323169,Bombina variegata,amp70/bd,6243b,2024-07-03
CZ0323169,Bombina variegata,amp70/be,6243b,2021-07-13
CZ0323169,Bombina variegata,amp70/bf,6243b,2024-07-03
CZ0323169,Bombina variegata,amp70/bg,6243b,2022-06-30
CZ0323169,Bombina variegata,amp70/bh,6243b,2024-07-03
CZ0323169,Bombina variegata,amp70/bi,6243b,2024-07-03
CZ0323169,Bombina variegata,amp70/bj,6243b,2019-07-10
CZ0323169,Bombina variegata,amp70/bk,6243b,2021-07-13
CZ0323169,Bombina variegata,amp70/bl,6243b,2021-07-13
CZ0323169,Bombina variegata,amp70/bm,6243b,2024-07-03
CZ0323169,Bombina variegata,amp70/bn,6243b,2019-07-10
CZ0323169,Bombina variegata,amp70/bo,6243b,2020-07-01
CZ0323169,Bombina variegata,amp70/bp,6243b,2022-06-30
CZ0323169,Bombina variegata,amp70/bq,6243b,2024-07-24
CZ0323169,Bombina variegata,amp70/br,6243b,2024-07-24
CZ0323169,Bombina variegata,amp70/bs,6243b,2020-07-01
CZ0323169,Bombina variegata,amp70/bt,6243b,2020-07-01
CZ0323169,Bombina variegata,amp70/bu,6243b,2019-07-10
CZ0323169,Bombina variegata,amp70/bv,6243b,2021-07-13
CZ0323169,Bombina variegata,amp70/bw,6243b,2021-07-13
CZ0323169,Bombina variegata,amp70/bx,6243b,2024-07-03
CZ0323169,Bombina variegata,amp70/by,6243b,2024-07-03
CZ0323169,Bombina variegata,amp70/bz,6243b,2019-07-10
CZ0323169,Bombina variegata,amp70/c,6243b,2019-07-10
CZ0323169,Bombina variegata,amp70/ca,6243b,2024-07-03
CZ0323169,Bombina variegata,amp70/cb,6243b,2024-07-03
CZ0323169,Bombina variegata,amp70/cc,6243b,2022-06-30
CZ0323169,Bombina variegata,amp70/cd,6243b,2024-07-03
CZ0323169,Bombina variegata,amp70/ce,6243b,2024-07-03
CZ0323169,Bombina variegata,amp70/cf,6243b,2024-07-03
CZ0323169,Bombina variegata,amp70/cg,6243b,2024-07-03
CZ0323169,Bombina variegata,amp70/ci,6243b,2024-07-03
CZ0323169,Bombina variegata,amp70/cj,6243b,2024-07-03
CZ0323169,Bombina variegata,amp70/ck,6243b,2021-07-13
CZ0323169,Bombina variegata,amp70/cl,6243b,2024-07-03
CZ0323169,Bombina variegata,amp70/cm,6243b,2024-07-03
CZ0323169,Bombina variegata,amp70/cn,6243b,2022-06-30
CZ0323169,Bombina variegata,amp70/co,6243b,2024-06-05
CZ0323169,Bombina variegata,amp70/cp,6243b,2022-06-30
CZ0323169,Bombina variegata,amp70/cq,6243b,2024-07-03
CZ0323169,Bombina variegata,amp70/cr,6243b,2022-06-30
CZ0323169,Bombina variegata,amp70/cs,6243b,2024-07-03
CZ0323169,Bombina variegata,amp70/ct,6243b,2022-06-30
CZ0323169,Bombina variegata,amp70/cu,6243b,2024-07-03
CZ0323169,Bombina variegata,amp70/cv,6243b,2024-07-03
CZ0323169,Bombina variegata,amp70/cw,6243b,2024-06-05
CZ0323169,Bombina variegata,amp70/cx,6243b,2024-07-03
CZ0323169,Bombina variegata,amp70/cy,6243b,2024-06-05
CZ0323169,Bombina variegata,amp70/cz,6243b,2024-07-03
CZ0323169,Bombina variegata,amp70/d,6243b,2024-07-03
CZ0323169,Bombina variegata,amp70/da,6243b,2024-07-03
CZ0323169,Bombina variegata,amp70/db,6243b,2024-07-03
CZ0323169,Bombina variegata,amp70/dc,6243b,2024-07-03
CZ0323169,Bombina variegata,amp70/de,6243b,2024-07-03
CZ0323169,Bombina variegata,amp70/dg,6243b,2024-06-05
CZ0323169,Bombina variegata,amp70/dh,6243b,2024-07-03
CZ0323169,Bombina variegata,amp70/di,6243b,2024-07-03
CZ0323169,Bombina variegata,amp70/dj,6243b,2024-07-03
CZ0323169,Bombina variegata,amp70/dk,6243b,2024-07-03
CZ0323169,Bombina variegata,amp70/dl,6243b,2024-07-03
CZ0323169,Bombina variegata,amp70/dm,6243b,2024-07-03
CZ0323169,Bombina variegata,amp70/dn,6243b,2024-07-03
CZ0323169,Bombina variegata,amp70/do,6243b,2024-07-03
CZ0323169,Bombina variegata,amp70/e,6243b,2024-07-03
CZ0323169,Bombina variegata,amp70/f,6243b,2024-07-03
CZ0323169,Bombina variegata,amp70/g,6243b,2024-07-03
CZ0323169,Bombina variegata,amp70/h,6243b,2024-07-03
CZ0323169,Bombina variegata,amp70/i,6243b,2024-07-03
CZ0323169,Bombina variegata,amp70/j,6243b,2024-07-03
CZ0323169,Bombina variegata,amp70/k,6243b,2024-06-05
CZ0323169,Bombina variegata,amp70/l,6243b,2024-07-03
CZ0323169,Bombina variegata,amp70/m,6243b,2024-07-03
CZ0323169,Bombina variegata,amp70/n,6243b,2024-07-03
CZ0323169,Bombina variegata,amp70/o,6243b,2019-07-10
CZ0323169,Bombina variegata,amp70/p,6243b,2024-07-03
CZ0323169,Bombina variegata,amp70/q,6243b,2024-07-03
CZ0323169,Bombina variegata,amp70/r,6243b,2024-07-03
CZ0323169,Bombina variegata,amp70/s,6243b,2024-07-03
CZ0323169,Bombina variegata,amp70/t,6243b,2021-07-13
CZ0323169,Bombina variegata,amp70/u,6243b,2024-07-03
CZ0323169,Bombina variegata,amp70/v,6243b,2021-07-13
CZ0323169,Bombina variegata,amp70/w,6243b,2019-07-10
CZ0323169,Bombina variegata,amp70/x,6243b,2024-07-03
CZ0323169,Bombina variegata,amp70/y,6243b,2024-07-03
CZ0323169,Bombina variegata,amp70/z,6243b,2024-07-03
CZ0323478,Bombina variegata,CZ0323478,6545b,2019-09-10
CZ0323478,Bombina variegata,CZ0323478,6546a,2024-07-14
CZ0323812,Lampetra planeri,CZ0323812,6248c,2017-10-10
CZ0323812,Lampetra planeri,Klabava,6248c,2023-10-09
CZ0323824,Lampetra planeri,CZ0323824,6746a,2015-11-18
CZ0323824,Lampetra planeri,CZ0323824,6746b,2015-11-18
CZ0323824,Lampetra planeri,CZ0323824,6747a,2015-09-24
CZ0323824,Lampetra planeri,OST_002_Ostružná,6747a,2020-09-27
CZ0323824,Lampetra planeri,OST_003_Ostružná,6746b,2020-09-27
CZ0323824,Lampetra planeri,OST_006_Ostružná,6746a,2020-09-27
CZ0323824,Lampetra planeri,OST_007_Ostružná,6746a,2023-10-27
CZ0323825,Lampetra planeri,CZ0323825,6143b,2021-11-16
CZ0323826,Bombina variegata,CZ0323826,6345b,2022-07-29
CZ0323826,Bombina variegata,CZ0323826_01,6345b,2024-07-24
CZ0323826,Bombina variegata,CZ0323826_02,6345b,2024-07-24
CZ0323826,Bombina variegata,CZ0323826_03,6345b,2022-06-28
CZ0323826,Bombina variegata,CZ0323826_04,6345b,2022-06-28
CZ0323826,Bombina variegata,CZ0323826_05,6345b,2022-06-28
CZ0323826,Bombina variegata,CZ0323826_06,6345b,2024-07-24
CZ0323826,Bombina variegata,CZ0323826_07,6345b,2022-06-28
CZ0323826,Bombina variegata,CZ0323826_08,6345b,2024-07-24
CZ0323826,Bombina variegata,CZ0323826_09,6345b,2022-06-28
CZ0323826,Bombina variegata,CZ0323826_10,6345b,2024-07-24
CZ0323826,Bombina variegata,CZ0323826_11,6345b,2024-07-24
CZ0323826,Bombina variegata,CZ0323826_12,6345b,2022-06-28
CZ0323826,Bombina variegata,CZ0323826_13,6345b,2022-06-28
CZ0323826,Bombina variegata,CZ0323826_14,6345b,2022-06-28
CZ0323826,Bombina variegata,CZ0323826_15,6345b,2022-06-28
CZ0323826,Bombina variegata,CZ0323826_16,6345b,2022-06-28
CZ0323826,Bombina variegata,CZ0323826_17,6345b,2022-06-28
CZ0323826,Bombina variegata,CZ0323826_18,6345b,2022-06-28
CZ0323826,Bombina variegata,CZ0323826_19,6345b,2022-08-29
CZ0323826,Bombina variegata,CZ0323826_20,6345b,2022-08-29
CZ0323826,Bombina variegata,CZ0323826_21,6345b,2022-08-29
CZ0323826,Bombina variegata,CZ0323826_22,6345b,2024-07-24
CZ0323826,Bombina variegata,amp65,6345b,2021-05-30
CZ0324025,Lampetra planeri,CZ0324025,6046d,2015-11-17
CZ0324026,Lampetra planeri,CZ0324026,6542a,2016-09-23
CZ0324026,Lampetra planeri,CZ0324026,6542c,2016-09-23
CZ0324026,Lampetra planeri,Niva Nemanického potoka,6542a,2022-09-24
CZ0324026,Lampetra planeri,Niva Nemanického potoka,6542c,2022-09-24
CZ0410020,Lampetra planeri,CZ0410020,5841c,2021-06-05
CZ0413177,Lampetra planeri,BLP_001_Bystřina – Lužní potok,5638d,2023-08-13
CZ0413177,Lampetra planeri,BLP_002_Bystřina – Lužní potok,5638d,2023-08-13
CZ0413177,Lampetra planeri,BLP_003_Bystřina – Lužní potok,5638d,2023-08-16
CZ0413177,Lampetra planeri,BLP_004_Bystřina – Lužní potok,5738b,2023-08-13
CZ0413177,Lampetra planeri,CZ0413177,5638d,2013-10-04
CZ0413177,Lampetra planeri,CZ0413177,5738b,2017-05-24
CZ0413190,Osmoderma barnabita,CZ0413190,5743b,2018-10-03
CZ0413194,Lampetra planeri,CZ0413194,5945a,2015-09-21
CZ0413194,Lampetra planeri,STR_001_Střela,5945b,2023-08-11
CZ0414110,Lampetra planeri,CZ0414110,5542d,2015-09-01
CZ0414127,Lampetra planeri,CZ0414127,5745a,2015-09-01
CZ0420021,Osmoderma barnabita,CZ0420021,5545c,2015-10-01
CZ0420144,Lampetra planeri,CZ0420144,5445a,2015-09-01
CZ0423202,Osmoderma barnabita,CZ0423202,5449c,2021-05-23
CZ0423210,Osmoderma barnabita,CZ0423210,5349c,2025-03-02
CZ0423213,Osmoderma barnabita,CZ0423213,5546b,2025-03-02
CZ0423217,Osmoderma barnabita,CZ0423217,5746a,2014-03-20
CZ0423217,Osmoderma barnabita,CZ0423217,5746c,2014-11-13
CZ0423223,Osmoderma barnabita,CZ0423223,5846d,2022-08-06
CZ0423224,Osmoderma barnabita,CZ0423224,5451a,2022-11-28
CZ0423233,Osmoderma barnabita,CZ0423233,5548d,2020-04-29
CZ0423510,Lampetra planeri,CZ0423510,5647c,2015-09-01
CZ0423510,Lampetra planeri,CZ0423510,5648a,2015-09-01
CZ0423510,Lampetra planeri,CZ0423510,5648b,2015-09-01
CZ0424030,Lampetra planeri,CZ0424030,5445d,2015-09-01
CZ0424030,Lampetra planeri,CZ0424030,5546a,2015-09-01
CZ0424031,Lampetra planeri,CS_LP_001_České Švýcarsko,5052c,2023-10-07
CZ0424031,Lampetra planeri,CS_LP_002_České Švýcarsko,5152a,2023-10-07
CZ0424031,Lampetra planeri,CS_LP_003_České Švýcarsko,5152a,2023-10-07
CZ0424031,Lampetra planeri,CS_LP_004_České Švýcarsko,5052c,2023-10-07
CZ0424031,Lampetra planeri,CS_LP_005_České Švýcarsko,5052c,2023-10-07
CZ0424031,Lampetra planeri,CS_LP_006_České Švýcarsko,5052c,2023-10-07
CZ0424031,Lampetra planeri,CS_LP_007_České Švýcarsko,5152c,2023-10-07
CZ0424031,Lampetra planeri,CS_LP_008_České Švýcarsko,5152c,2023-10-07
CZ0424031,Lampetra planeri,CS_LP_009_České Švýcarsko,5152c,2023-10-07
CZ0424031,Lampetra planeri,CS_LP_010_České Švýcarsko,5152c,2023-10-07
CZ0424031,Lampetra planeri,CS_LP_011_České Švýcarsko,5152c,2023-10-07
CZ0424031,Lampetra planeri,CS_LP_012_České Švýcarsko,5152c,2023-10-07
CZ0424031,Lampetra planeri,CS_SS_010_České Švýcarsko,5152c,2022-09-28
CZ0424031,Lampetra planeri,CZ0424031,5052c,2023-07-13
CZ0424031,Lampetra planeri,CZ0424031,5052d,2012-11-01
CZ0424031,Lampetra planeri,CZ0424031,5151b,2020-07-24
CZ0424031,Lampetra planeri,CZ0424031,5152a,2024-04-27
CZ0424031,Lampetra planeri,CZ0424031,5152c,2023-07-12
CZ0424031,Lampetra planeri,CZ0424031,5152d,2014-04-13
CZ0424031,Lampetra planeri,České Švýcarsko,5052c,2022-10-15
CZ0424031,Lampetra planeri,České Švýcarsko,5152a,2021-10-25
CZ0424031,Lampetra planeri,České Švýcarsko,5152b,2020-10-17
CZ0424031,Lampetra planeri,České Švýcarsko,5152c,2020-10-18
CZ0424125,Bombina variegata,amp107,5845b,2024-04-15
CZ0424127,Lampetra planeri,CZ0424127,5446d,2015-09-01
CZ0424127,Osmoderma barnabita,CZ0424127,5446d,2014-09-28
CZ0424127,Osmoderma barnabita,CZ0424127,5447a,2021-10-10
CZ0424138,Osmoderma barnabita,CZ0424138,5550d,2018-10-26
CZ0510191,Lampetra planeri,CZ0510191,5357c,2015-10-23
CZ0510400,Lampetra planeri,CZ0510400,5156b,2014-09-26
CZ0510400,Lampetra planeri,CZ0510400,5157a,2014-09-26
CZ0510402,Lampetra planeri,CZ0510402,5157d,2014-09-26
CZ0510415,Lampetra planeri,CZ0510415,5157b,2014-10-04
CZ0513254,Lampetra planeri,CZ0513254,5256c,2022-10-18
CZ0513254,Lampetra planeri,LUP_001_Luční potok,5256c,2023-08-13
CZ0513254,Lampetra planeri,LUP_003_Luční potok,5256c,2023-08-13
CZ0513255,Osmoderma barnabita,CZ0513255,5454a,2023-07-24
CZ0513256,Lampetra planeri,CZ0513256,4956c,2022-10-22
CZ0513256,Lampetra planeri,CZ0513256,5056a,2022-10-22
CZ0513256,Lampetra planeri,CZ0513256,5056c,2022-10-22
CZ0513256,Lampetra planeri,SME_LP_002_Smědá,4956c,2023-09-09
CZ0513256,Lampetra planeri,SME_LP_003_Smědá,5056a,2023-09-09
CZ0513256,Lampetra planeri,SME_LP_004_Smědá,5056a,2023-09-09
CZ0513256,Lampetra planeri,SME_LP_005_Smědá,5056c,2023-09-09
CZ0513505,Osmoderma barnabita,CZ0513505,5251b,2017-03-28
CZ0513506,Lampetra planeri,CZ0513506,5254d,2016-06-21
CZ0513506,Lampetra planeri,CZ0513506,5255c,2014-09-14
CZ0513506,Lampetra planeri,CZ0513506,5353b,2015-07-21
CZ0513506,Lampetra planeri,CZ0513506,5354c,2015-09-12
CZ0513508,Osmoderma barnabita,BROUCI254,5353c,2021-06-30
CZ0513508,Osmoderma barnabita,CZ0513508,5353c,2021-06-30
CZ0513509,Lampetra planeri,CZ0513509,5153d,2022-08-16
CZ0513509,Lampetra planeri,CZ0513509,5154c,2022-08-17
CZ0513509,Lampetra planeri,CZ0513509,5254a,2022-10-23
CZ0513509,Lampetra planeri,SVI_001_Svitavka,5254a,2023-11-02
CZ0514042,Osmoderma barnabita,BROUCI115,5354c,2022-11-29
CZ0514042,Osmoderma barnabita,BROUCI348,5454b,2023-06-27
CZ0514042,Osmoderma barnabita,CZ0514042,5353c,2021-06-30
CZ0514042,Osmoderma barnabita,CZ0514042,5354c,2014-07-13
CZ0514042,Osmoderma barnabita,CZ0514042,5453b,2019-11-27
CZ0514042,Osmoderma barnabita,CZ0514042,5454a,2021-07-30
CZ0514042,Osmoderma barnabita,CZ0514042,5454b,2017-05-07
CZ0514243,Osmoderma barnabita,235,5454c,2014-07-23
CZ0514243,Osmoderma barnabita,CZ0514243,5454c,2020-07-25
CZ0514670,Osmoderma barnabita,758655,5352d,2017-07-18
CZ0514670,Osmoderma barnabita,BROUCI116,5352c,2022-11-29
CZ0514670,Osmoderma barnabita,CZ0514670,5352c,2022-05-21
CZ0514670,Osmoderma barnabita,CZ0514670,5352d,2021-07-18
CZ0514672,Lampetra planeri,CZ0514672,5357b,2012-09-18
CZ0514672,Lampetra planeri,CZ0514672,5357d,2022-10-29
CZ0514672,Lampetra planeri,CZ0514672,5358c,2022-10-22
CZ0514672,Lampetra planeri,CZ0514672,5358d,2021-07-31
CZ0514672,Lampetra planeri,CZ0514672,5458a,2022-10-22
CZ0520028,Lampetra planeri,CZ0520028,5562c,2020-09-18
CZ0520604,Lampetra planeri,CZ0520604,5864a,2018-10-10
CZ0520604,Lampetra planeri,Zdobnice,5864a,2024-09-11
CZ0523007,Lampetra planeri,CZ0523007,5762b,2022-10-06
CZ0523007,Lampetra planeri,CZ0523007,5763a,2022-10-06
CZ0523007,Lampetra planeri,DED_LP_001_Dědina u Dobrušky,5763a,2023-10-17
CZ0523007,Lampetra planeri,DED_LP_002_Dědina u Dobrušky,5763a,2023-10-17
CZ0523007,Lampetra planeri,DED_LP_003_Dědina u Dobrušky,5762b,2023-10-17
CZ0523007,Lampetra planeri,Dědina u Dobrušky,5762b,2019-09-23
CZ0523007,Lampetra planeri,Dědina u Dobrušky,5763a,2021-10-31
CZ0523010,Osmoderma barnabita,CZ0523010,5861a,2017-11-04
CZ0523264,Osmoderma barnabita,CZ0523264,5760a,2016-06-23
CZ0523267,Lampetra planeri,CZ0523267,5764b,2021-09-15
CZ0523267,Lampetra planeri,CZ0523267,5765c,2021-09-21
CZ0523267,Lampetra planeri,CZ0523267,5865a,2015-09-22
CZ0523267,Lampetra planeri,CZ0523267,5865c,2021-09-21
CZ0523267,Lampetra planeri,ZAO_002_Divoká Orlice,5765c,2019-10-24
CZ0523268,Osmoderma barnabita,CZ0523268,5562c,2017-03-21
CZ0523274,Osmoderma barnabita,CZ0523274,5558c,2021-08-13
CZ0523277,Lampetra planeri,CZ0523277,5460a,2014-09-30
CZ0523277,Lampetra planeri,CZ0523277,5460c,2015-09-03
CZ0523280,Lampetra planeri,CZ0523280,5362d,2018-10-19
CZ0523280,Lampetra planeri,CZ0523280,5462b,2018-10-19
CZ0523280,Lampetra planeri,CZ0523280,5462d,2016-10-11
CZ0523280,Lampetra planeri,CZ0523280,5463a,2018-10-19
CZ0523280,Lampetra planeri,CZ0523280,5463c,2018-10-19
CZ0523280,Lampetra planeri,CZ0523280,5563a,2016-10-11
CZ0523280,Lampetra planeri,MED_001_Metuje a Dřevíč,5463c,2023-09-16
CZ0523280,Lampetra planeri,MED_002_Metuje a Dřevíč,5463c,2020-10-10
CZ0523280,Lampetra planeri,MED_003_Metuje a Dřevíč,5463a,2023-09-16
CZ0523280,Lampetra planeri,MED_006_Metuje a Dřevíč,5563a,2020-10-10
CZ0523280,Lampetra planeri,MED_007_Metuje a Dřevíč,5463c,2020-10-10
CZ0523280,Lampetra planeri,MED_008_Metuje a Dřevíč,5462d,2023-09-16
CZ0523280,Lampetra planeri,MED_009_Metuje a Dřevíč,5462d,2020-10-10
CZ0523284,Osmoderma barnabita,BROUCI259_198,5762b,2023-08-03
CZ0523284,Osmoderma barnabita,CZ0523284,5762b,2015-05-08
CZ0523290,Osmoderma barnabita,2939,5862a,2012-05-01
CZ0523290,Osmoderma barnabita,CZ0523290,5862a,2017-06-09
CZ0524044,Lampetra planeri,CZ0524044,5258c,2013-09-23
CZ0524044,Lampetra planeri,CZ0524044,5258d,2013-09-01
CZ0524044,Lampetra planeri,CZ0524044,5259c,2015-09-01
CZ0524044,Lampetra planeri,CZ0524044,5259d,2015-09-01
CZ0524044,Lampetra planeri,CZ0524044,5260d,2013-09-01
CZ0524044,Lampetra planeri,CZ0524044,5358b,2013-09-23
CZ0524044,Lampetra planeri,CZ0524044,5358d,2017-06-17
CZ0524044,Lampetra planeri,CZ0524044,5359a,2013-09-23
CZ0524044,Lampetra planeri,CZ0524044,5359b,2013-09-01
CZ0524044,Lampetra planeri,CZ0524044,5359c,2013-09-01
CZ0524044,Lampetra planeri,CZ0524044,5359d,2017-05-29
CZ0524044,Lampetra planeri,CZ0524044,5360b,2015-09-01
CZ0524044,Lampetra planeri,CZ0524044,5360c,2013-09-01
CZ0524044,Lampetra planeri,CZ0524044,5360d,2013-09-01
CZ0524044,Lampetra planeri,CZ0524044,5361a,2015-09-01
CZ0524044,Lampetra planeri,CZ0524044,5361c,2018-10-09
CZ0524044,Lampetra planeri,CZ0524044,5460a,2018-10-09
CZ0524044,Lampetra planeri,CZ0524044,5460b,2013-09-01
CZ0524044,Lampetra planeri,CZ0524044,5461a,2013-09-01
CZ0530033,Lampetra planeri,CZ0530033,6266d,2013-09-23
CZ0530034,Lampetra planeri,CZ0530034,6065d,2013-09-23
CZ0533295,Osmoderma barnabita,BROUCI120,6159d,2022-07-01
CZ0533295,Osmoderma barnabita,BROUCI122,6159c,2022-07-01
CZ0533295,Osmoderma barnabita,CZ0533295,6159c,2012-06-27
CZ0533295,Osmoderma barnabita,CZ0533295,6159d,2012-06-27
CZ0533297,Osmoderma barnabita,CZ0533297,5861d,2015-07-23
CZ0533300,Osmoderma barnabita,CZ0533300,6059d,2021-08-20
CZ0533300,Osmoderma barnabita,CZ0533300,6060a,2021-08-04
CZ0533300,Osmoderma barnabita,CZ0533300,6060c,2021-08-04
CZ0533301,Lampetra planeri,CZ0533301,6261d,2021-06-08
CZ0533301,Lampetra planeri,UCHR_001_Údolí Chrudimky,6261d,2023-10-15
CZ0533301,Lampetra planeri,UCHR_002_Údolí Chrudimky,6261d,2023-10-15
CZ0533302,Osmoderma barnabita,CZ0533302,6059b,2021-07-15
CZ0533307,Osmoderma barnabita,BROUCI51_50,5960b,2022-06-24
CZ0533307,Osmoderma barnabita,BROUCI51_51,5960b,2022-06-24
CZ0533308,Osmoderma barnabita,CZ0533308,5959b,2014-05-20
CZ0533309,Osmoderma barnabita,BROUCI59_81,5960d,2022-07-22
CZ0533309,Osmoderma barnabita,BROUCI59_82,5960d,2022-07-22
CZ0533309,Osmoderma barnabita,BROUCI59_83,5960d,2022-07-22
CZ0533309,Osmoderma barnabita,BROUCI59_84,5960d,2022-07-22
CZ0533309,Osmoderma barnabita,BROUCI59_85,5960d,2022-07-22
CZ0533309,Osmoderma barnabita,BROUCI59_86,5960d,2022-07-22
CZ0533309,Osmoderma barnabita,CZ0533309,5960d,2017-05-23
CZ0533310,Osmoderma barnabita,CZ0533310,6161a,2021-05-24
CZ0533314,Lampetra planeri,CZ0533314,5965b,2018-10-03
CZ0533314,Lampetra planeri,CZ0533314,5965c,2016-10-22
CZ0533314,Lampetra planeri,CZ0533314,5965d,2018-10-03
CZ0533314,Lampetra planeri,CZ0533314,5966a,2018-10-05
CZ0533314,Lampetra planeri,TOR_001_Tichá Orlice,5965c,2022-10-15
CZ0533314,Lampetra planeri,TOR_002_Tichá Orlice,5965d,2020-10-10
CZ0533314,Lampetra planeri,TOR_003_Tichá Orlice,5965b,2022-10-15
CZ0533314,Lampetra planeri,TOR_005_Tichá Orlice,5965b,2023-10-02
CZ0533314,Lampetra planeri,TOR_006_Tichá Orlice,5966a,2023-10-02
CZ0533314,Lampetra planeri,TOR_007_Tichá Orlice,5966b,2022-10-08
CZ0533314,Lampetra planeri,Tichá Orlice,5965b,2020-10-10
CZ0533316,Osmoderma barnabita,CZ0533316,6062a,2021-09-16
CZ0533501,Osmoderma barnabita,BROUCI131_135,6160b,2022-06-15
CZ0533501,Osmoderma barnabita,BROUCI133_137,6160b,2022-06-15
CZ0533501,Osmoderma barnabita,BROUCI134,6160b,2022-06-15
CZ0533501,Osmoderma barnabita,CZ0533501,6160b,2022-08-02
CZ0533696,Osmoderma barnabita,BROUCI127,6060d,2022-06-20
CZ0533696,Osmoderma barnabita,CZ0533696,6060d,2023-08-02
CZ0533698,Osmoderma barnabita,CZ0533698,5958b,2017-06-22
CZ0533698,Osmoderma barnabita,CZ0533698,5958d,2022-02-10
CZ0534053,Lampetra planeri,CZ0534053,6160b,2018-10-17
CZ0534053,Osmoderma barnabita,CZ0534053,6160b,2018-08-27
CZ0610159,Osmoderma barnabita,CZ0610159,6659c,2022-07-22
CZ0610179,Osmoderma barnabita,CZ0610179,6961b,2021-07-05
CZ0612149,Osmoderma barnabita,CZ0612149,7059d,2021-10-31
CZ0613002,Osmoderma barnabita,CZ0613002,6758b,2014-06-17
CZ0613005,Lampetra planeri,CZ0613005,6456a,2015-11-02
CZ0613005,Lampetra planeri,CZ0613005,6456b,2021-08-13
CZ0613005,Lampetra planeri,CZ0613005,6457a,2021-08-13
CZ0613013,Bombina variegata,CZ0613013,6758d,2021-06-05
CZ0613321,Lampetra planeri,CZ0613321,6558a,2017-09-21
CZ0613321,Lampetra planeri,Jankovský potok,6558a,2023-09-19
CZ0613333,Lampetra planeri,CZ0613333,6461b,2022-09-01
CZ0613333,Lampetra planeri,CZ0613333,6462a,2019-11-06
CZ0613334,Lampetra planeri,CZ0613334,6456d,2013-08-21
CZ0613816,Osmoderma barnabita,CZ0613816,6762d,2020-07-25
CZ0613816,Osmoderma barnabita,CZ0613816,6763c,2023-09-01
CZ0613816,Osmoderma barnabita,CZ0613816,6863a,2020-07-25
CZ0614131,Osmoderma barnabita,CZ0614131,6862b,2022-06-24
CZ0620084,Osmoderma barnabita,CZ0620084,7065d,2019-01-01
CZ0623022,Osmoderma barnabita,CZ0623022,7164b,2024-04-22
CZ0623022,Osmoderma barnabita,CZ0623022,7164d,2024-04-22
CZ0623025,Osmoderma barnabita,CZ0623025,6867a,2020-10-04
CZ0623032,Osmoderma barnabita,CZ0623032,6965d,2016-10-27
CZ0623045,Osmoderma barnabita,CZ0623045,7266b,2014-07-10
CZ0623349,Bombina variegata,CZ0623349,7171a,2024-07-20
CZ0623801,Osmoderma barnabita,CZ0623801,6965d,2019-01-01
CZ0624001,Osmoderma barnabita,CZ0624001,7163c,2016-05-24
CZ0624072,Bombina variegata,CZ0624072,7169d,2024-07-16
CZ0624072,Bombina variegata,CZ0624072,7170a,2021-06-06
CZ0624072,Bombina variegata,CZ0624072,7170b,2020-09-10
CZ0624072,Bombina variegata,CZ0624072,7170c,2023-08-30
CZ0624072,Bombina variegata,CZ0624072,7170d,2023-08-30
CZ0624095,Osmoderma barnabita,BROUCI372_294,7060c,2023-06-11
CZ0624095,Osmoderma barnabita,BROUCI376_298,7060d,2023-06-11
CZ0624095,Osmoderma barnabita,BROUCI377_299,7060d,2023-06-11
CZ0624095,Osmoderma barnabita,CZ0624095,7060c,2023-07-06
CZ0624095,Osmoderma barnabita,CZ0624095,7060d,2021-11-20
CZ0624096,Osmoderma barnabita,BROUCI405_325,7162a,2023-10-29
CZ0624099,Osmoderma barnabita,1,7166a,2013-04-27
CZ0624099,Osmoderma barnabita,2,7166c,2013-04-27
CZ0624099,Osmoderma barnabita,3,7166c,2013-04-27
CZ0624099,Osmoderma barnabita,4,7166c,2013-04-27
CZ0624099,Osmoderma barnabita,CZ0624099,7166c,2019-05-01
CZ0624099,Osmoderma barnabita,CZ0624099,7166d,2022-04-11
CZ0624099,Osmoderma barnabita,CZ0624099,7167c,2022-04-11
CZ0624099,Osmoderma barnabita,CZ0624099,7267a,2022-04-11
CZ0624119,Osmoderma barnabita,5,7367b,2013-04-26
CZ0624119,Osmoderma barnabita,CZ0624119,7168d,2023-08-24
CZ0624119,Osmoderma barnabita,CZ0624119,7267a,2014-12-04
CZ0624119,Osmoderma barnabita,CZ0624119,7267c,2022-04-11
CZ0624119,Osmoderma barnabita,CZ0624119,7267d,2022-04-11
CZ0624119,Osmoderma barnabita,CZ0624119,7268a,2022-04-10
CZ0624119,Osmoderma barnabita,CZ0624119,7268c,2022-04-10
CZ0624119,Osmoderma barnabita,CZ0624119,7367b,2022-04-11
CZ0624119,Osmoderma barnabita,CZ0624119,7367d,2022-04-11
CZ0624130,Osmoderma barnabita,1,6666c,2014-08-08
CZ0624130,Osmoderma barnabita,BROUCI449_351,6666c,2023-11-18
CZ0624130,Osmoderma barnabita,CZ0624130,6666c,2024-04-07
CZ0713004,Lampetra planeri,CZ0713004,5968c,2013-09-23
CZ0713374,Lampetra planeri,CZ0713374,6067c,2021-09-07
CZ0713374,Lampetra planeri,CZ0713374,6067d,2021-09-07
CZ0713374,Lampetra planeri,HMO_002_Horní Morava,6067d,2023-10-23
CZ0713374,Lampetra planeri,HMO_003_Horní Morava,6067c,2023-10-23
CZ0713385,Bombina variegata,CZ0713385,5769b,2024-07-14
CZ0713398,Bombina variegata,CZ0713398,5770a,2024-07-07
CZ0713398,Bombina variegata,CZ0713398_1,5770a,2024-07-31
CZ0713398,Bombina variegata,CZ0713398_2,5770a,2024-07-31
CZ0713398,Bombina variegata,CZ0713398_3,5770a,2024-07-31
CZ0713398,Bombina variegata,CZ0713398_4,5770a,2024-07-31
CZ0713398,Bombina variegata,amp211,5770a,2023-05-23
CZ0713398,Lampetra planeri,CZ0713398,5770a,2020-09-07
CZ0713827,Bombina variegata,CZ0713827,5669a,2024-07-31
CZ0713827,Bombina variegata,CZ0713827,5669c,2018-09-17
CZ0713827,Bombina variegata,CZ0713827_1,5669c,2024-06-17
CZ0713827,Bombina variegata,CZ0713827_10,5669a,2022-06-13
CZ0713827,Bombina variegata,CZ0713827_10_14,5669a,2024-06-06
CZ0713827,Bombina variegata,CZ0713827_11,5669a,2022-05-11
CZ0713827,Bombina variegata,CZ0713827_12,5669a,2022-06-10
CZ0713827,Bombina variegata,CZ0713827_13,5669a,2022-05-11
CZ0713827,Bombina variegata,CZ0713827_14,5669a,2022-06-13
CZ0713827,Bombina variegata,CZ0713827_15,5669c,2024-06-11
CZ0713827,Bombina variegata,CZ0713827_16,5669a,2022-05-11
CZ0713827,Bombina variegata,CZ0713827_2,5669c,2024-06-11
CZ0713827,Bombina variegata,CZ0713827_3,5669c,2022-05-23
CZ0713827,Bombina variegata,CZ0713827_4,5669c,2021-05-07
CZ0713827,Bombina variegata,CZ0713827_5,5669c,2022-05-09
CZ0713827,Bombina variegata,CZ0713827_6,5669c,2024-06-17
CZ0713827,Bombina variegata,CZ0713827_7,5669c,2022-05-09
CZ0713827,Bombina variegata,CZ0713827_8,5669c,2021-05-07
CZ0713827,Bombina variegata,CZ0713827_9,5669a,2024-06-05
CZ0714073,Lampetra planeri,CZ0714073,6167b,2013-09-23
CZ0714073,Lampetra planeri,CZ0714073,6167d,2013-09-23
CZ0714073,Lampetra planeri,CZ0714073,6267b,2013-09-23
CZ0714073,Lampetra planeri,CZ0714073,6267d,2015-09-01
CZ0714073,Lampetra planeri,CZ0714073,6268c,2015-09-01
CZ0714081,Lampetra planeri,CZ0714081,5769d,2021-06-11
CZ0714082,Osmoderma barnabita,CZ0714082,6570b,2013-04-06
CZ0714085,Osmoderma barnabita,BROUCI72,6569d,2022-10-27
CZ0714133,Bombina variegata,CZ0714133,6370b,2012-06-10
CZ0714133,Bombina variegata,CZ0714133,6370d,2021-04-01
CZ0714133,Bombina variegata,CZ0714133,6371a,2012-05-30
CZ0714133,Lampetra planeri,CZ0714133,6271c,2012-05-30
CZ0714133,Lampetra planeri,CZ0714133,6271d,2016-09-23
CZ0714133,Lampetra planeri,CZ0714133,6272c,2016-09-23
CZ0714133,Lampetra planeri,CZ0714133,6371a,2016-09-23
CZ0714133,Lampetra planeri,CZ0714133,6371c,2016-09-23
CZ0720033,Bombina variegata,CZ0720033,6673c,2022-05-10
CZ0720033,Bombina variegata,CZ0720033,6673d,2024-09-04
CZ0720185,Bombina variegata,CZ0720185,6672a,2014-06-14
CZ0720190,Bombina variegata,CZ0720190,6672c,2017-06-30
CZ0720422,Bombina variegata,CZ0720422,7072b,2016-08-16
CZ0720428,Bombina variegata,CZ0720428,6973c,2024-08-20
CZ0720435,Bombina variegata,CZ0720435,6874c,2024-07-14
CZ0720437,Bombina variegata,CZ0720437,6973b,2022-08-10
CZ0720441,Bombina variegata,CZ0720441,6874c,2023-06-15
CZ0720454,Bombina variegata,CZ0720454,6874d,2021-05-26
CZ0722199,Bombina variegata,CZ0722199,6874d,2019-06-12
CZ0723403,Bombina variegata,CZ0723403,6872a,2018-06-12
CZ0723403,Bombina variegata,amp214,6872a,2024-04-11
CZ0723406,Bombina variegata,CZ0723406,6672a,2015-06-11
CZ0723409,Bombina variegata,CZ0723409,6771a,2023-06-01
CZ0723412,Bombina variegata,CZ0723412,6971d,2024-06-17
CZ0723412,Bombina variegata,CZ0723412_4,6971d,2023-06-11
CZ0723413,Bombina variegata,CZ0723413,6972c,2020-06-15
CZ0723416,Bombina variegata,CZ0723416,6971a,2024-05-09
CZ0723416,Bombina variegata,amp217,6971a,2023-06-07
CZ0723430,Bombina variegata,CZ0723430,6972c,2024-06-16
CZ0723430,Bombina variegata,CZ0723430_1,6972c,2023-06-11
CZ0723434,Bombina variegata,CZ0723434,6974a,2022-05-13
CZ0724087,Bombina variegata,CZ0724087,6972a,2017-07-13
CZ0724087,Osmoderma barnabita,9110_567,6972c,2013-01-01
CZ0724087,Osmoderma barnabita,CZ0724087,6972a,2024-07-26
CZ0724087,Osmoderma barnabita,CZ0724087,6972c,2024-07-26
CZ0724089,Bombina variegata,CZ0724089,6376d,2022-06-14
CZ0724089,Bombina variegata,CZ0724089,6377a,2014-07-06
CZ0724089,Bombina variegata,CZ0724089,6377c,2024-11-01
CZ0724089,Bombina variegata,CZ0724089,6377d,2019-08-28
CZ0724089,Bombina variegata,CZ0724089,6378c,2024-06-07
CZ0724089,Bombina variegata,CZ0724089,6474c,2024-05-31
CZ0724089,Bombina variegata,CZ0724089,6474d,2024-05-30
CZ0724089,Bombina variegata,CZ0724089,6475c,2024-06-14
CZ0724089,Bombina variegata,CZ0724089,6476a,2022-08-03
CZ0724089,Bombina variegata,CZ0724089,6476b,2024-06-06
CZ0724089,Bombina variegata,CZ0724089,6476c,2024-05-27
CZ0724089,Bombina variegata,CZ0724089,6476d,2024-05-30
CZ0724089,Bombina variegata,CZ0724089,6477a,2024-07-16
CZ0724089,Bombina variegata,CZ0724089,6477b,2024-05-06
CZ0724089,Bombina variegata,CZ0724089,6477c,2024-09-04
CZ0724089,Bombina variegata,CZ0724089,6477d,2024-05-11
CZ0724089,Bombina variegata,CZ0724089,6478a,2020-08-14
CZ0724089,Bombina variegata,CZ0724089,6478c,2023-07-11
CZ0724089,Bombina variegata,CZ0724089,6574b,2024-06-14
CZ0724089,Bombina variegata,CZ0724089,6574c,2023-07-25
CZ0724089,Bombina variegata,CZ0724089,6574d,2022-07-03
CZ0724089,Bombina variegata,CZ0724089,6575a,2024-07-26
CZ0724089,Bombina variegata,CZ0724089,6575b,2024-07-26
CZ0724089,Bombina variegata,CZ0724089,6575c,2023-06-10
CZ0724089,Bombina variegata,CZ0724089,6575d,2024-05-31
CZ0724089,Bombina variegata,CZ0724089,6576a,2024-08-19
CZ0724089,Bombina variegata,CZ0724089,6576b,2024-06-28
CZ0724089,Bombina variegata,CZ0724089,6576c,2024-05-10
CZ0724089,Bombina variegata,CZ0724089,6576d,2024-09-07
CZ0724089,Bombina variegata,CZ0724089,6577a,2023-08-19
CZ0724089,Bombina variegata,CZ0724089,6577b,2024-07-08
CZ0724089,Bombina variegata,CZ0724089,6674a,2024-06-01
CZ0724089,Bombina variegata,CZ0724089,6674b,2024-09-06
CZ0724089,Bombina variegata,CZ0724089,6674c,2023-05-21
CZ0724089,Bombina variegata,CZ0724089,6674d,2024-06-08
CZ0724089,Bombina variegata,CZ0724089,6675a,2024-06-21
CZ0724089,Bombina variegata,CZ0724089,6675b,2023-07-10
CZ0724089,Bombina variegata,CZ0724089,6675c,2024-06-17
CZ0724089,Bombina variegata,CZ0724089,6675d,2022-06-02
CZ0724089,Bombina variegata,CZ0724089,6676a,2024-07-22
CZ0724089,Bombina variegata,CZ0724089,6676b,2023-07-08
CZ0724089,Bombina variegata,CZ0724089,6676c,2021-08-22
CZ0724089,Bombina variegata,CZ0724089,6774a,2022-06-09
CZ0724089,Bombina variegata,CZ0724089,6774b,2023-09-10
CZ0724089,Bombina variegata,CZ0724089,6774c,2024-07-12
CZ0724089,Bombina variegata,CZ0724089,6774d,2024-07-12
CZ0724089,Bombina variegata,CZ0724089,6775a,2024-06-15
CZ0724089,Bombina variegata,CZ0724089,6775b,2023-06-30
CZ0724089,Bombina variegata,CZ0724089,6874a,2014-04-24
CZ0724089,Bombina variegata,CZ0724089,6874b,2017-08-18
CZ0724089,Bombina variegata,CZ0724089_11,6576d,2024-08-12
CZ0724089,Bombina variegata,CZ0724089_12,6575d,2024-07-27
CZ0724089,Bombina variegata,CZ0724089_13,6476d,2024-09-11
CZ0724089,Bombina variegata,CZ0724089_14,6378c,2024-04-13
CZ0724089,Bombina variegata,CZ0724089_16,6675b,2024-09-08
CZ0724089,Bombina variegata,CZ0724089_18,6576d,2024-08-12
CZ0724089,Bombina variegata,CZ0724089_25,6774d,2022-08-01
CZ0724089,Bombina variegata,CZ0724089_27,6675c,2022-08-15
CZ0724089,Bombina variegata,CZ0724089_28,6676a,2022-08-15
CZ0724089,Bombina variegata,CZ0724089_30,6575b,2024-08-18
CZ0724089,Bombina variegata,CZ0724089_9,6774b,2024-08-07
CZ0724089,Bombina variegata,amp219,6674a,2021-06-16
CZ0724089,Bombina variegata,amp220,6676a,2024-09-07
CZ0724089,Bombina variegata,amp228,6574d,2024-03-15
CZ0724089,Bombina variegata,amp233,6674a,2024-07-31
CZ0724089,Bombina variegata,amp243,6477c,2024-08-31
CZ0724089,Bombina variegata,amp260,6477d,2024-05-29
CZ0724089,Bombina variegata,amp264,6576c,2023-05-30
CZ0724089,Bombina variegata,amp310,6575a,2024-08-12
CZ0724089,Bombina variegata,amp311,6574b,2024-08-24
CZ0724089,Bombina variegata,amp348,6574c,2024-07-27
CZ0724089,Bombina variegata,amp349,6575a,2024-08-12
CZ0724090,Bombina variegata,614700,7072c,2017-06-06
CZ0724090,Bombina variegata,776882,7072b,2017-07-09
CZ0724090,Bombina variegata,788856,7073c,2017-05-16
CZ0724090,Bombina variegata,CZ0724090,7071d,2024-05-28
CZ0724090,Bombina variegata,CZ0724090,7072a,2020-09-16
CZ0724090,Bombina variegata,CZ0724090,7072b,2022-06-28
CZ0724090,Bombina variegata,CZ0724090,7072c,2024-08-12
CZ0724090,Bombina variegata,CZ0724090,7072d,2024-06-06
CZ0724090,Bombina variegata,CZ0724090,7073a,2024-07-25
CZ0724090,Bombina variegata,CZ0724090,7073c,2022-06-14
CZ0724090,Bombina variegata,CZ0724090,7171a,2022-08-25
CZ0724090,Bombina variegata,CZ0724090,7171b,2024-05-28
CZ0724090,Bombina variegata,CZ0724090,7171c,2024-07-19
CZ0724090,Bombina variegata,CZ0724090,7172a,2023-06-03
CZ0724091,Bombina variegata,CZ0724091,6770c,2016-07-04
CZ0724091,Bombina variegata,CZ0724091,6770d,2015-04-24
CZ0724091,Bombina variegata,CZ0724091,6869c,2015-05-17
CZ0724091,Bombina variegata,CZ0724091,6869d,2021-08-11
CZ0724091,Bombina variegata,CZ0724091,6870a,2015-06-20
CZ0724091,Bombina variegata,CZ0724091,6870b,2024-08-15
CZ0724091,Bombina variegata,CZ0724091,6969a,2020-07-07
CZ0724120,Osmoderma barnabita,BROUCI25_56,6870d,2022-06-15
CZ0724120,Osmoderma barnabita,BROUCI26,6870d,2022-06-15
CZ0724120,Osmoderma barnabita,CZ0724120,6870d,2015-05-21
CZ0724120,Osmoderma barnabita,CZ0724120,6871c,2015-04-21
CZ0724121,Bombina variegata,CZ0724121,6673b,2018-05-28
CZ0724429,Bombina variegata,CZ0724429,6672a,2022-06-03
CZ0724429,Bombina variegata,CZ0724429,6672b,2022-08-08
CZ0724429,Bombina variegata,CZ0724429_18,6672b,2023-05-06
CZ0724430,Bombina variegata,912,6974a,2012-07-12
CZ0724430,Bombina variegata,CZ0724430,6974a,2021-07-26
CZ0724430,Bombina variegata,CZ0724430,6974b,2022-06-28
CZ0724430,Bombina variegata,CZ0724430,6974c,2023-08-02
CZ0810004,Bombina variegata,CZ0810004,6376a,2021-09-06
CZ0810004,Bombina variegata,CZ0810004,6376b,2024-05-30
CZ0810004,Bombina variegata,CZ0810004,6376d,2020-06-07
CZ0810004,Lampetra planeri,CZ0810004,6376a,2015-07-27
CZ0810004,Lampetra planeri,CZ0810004,6376b,2015-07-27
CZ0810004,Lampetra planeri,CZ0810004,6376d,2017-10-02
CZ0810018,Bombina variegata,CZ0810018,6169b,2012-06-05
CZ0810035,Bombina variegata,CZ0810035,6473b,2015-07-01
CZ0810036,Bombina variegata,CZ0810036,6474b,2024-08-10
CZ0810425,Bombina variegata,CZ0810425,6276d,2016-07-21
CZ0813438,Bombina variegata,amp303,6373d,2022-05-14
CZ0813447,Osmoderma barnabita,CZ0813447,6375c,2019-07-31
CZ0813449,Osmoderma barnabita,CZ0813449,6175a,2015-08-03
CZ0813451,Osmoderma barnabita,5793,6177a,2019-06-21
CZ0813451,Osmoderma barnabita,CZ0813451,6176b,2019-08-01
CZ0813451,Osmoderma barnabita,CZ0813451,6177a,2019-08-01
CZ0813456,Lampetra planeri,CZ0813456,6069b,2015-07-21
CZ0813456,Lampetra planeri,CZ0813456,6070a,2015-07-21
CZ0813456,Lampetra planeri,CZ0813456,6070c,2015-07-21
CZ0813456,Lampetra planeri,MRC_005_Moravice,6070c,2023-10-24
CZ0813456,Lampetra planeri,MRC_006_Moravice,6070c,2023-10-24
CZ0813456,Lampetra planeri,MRC_007_Moravice,6070a,2023-10-24
CZ0813456,Lampetra planeri,MRC_008_Moravice,6069b,2023-10-24
CZ0813456,Lampetra planeri,Moravice,6069b,2018-10-19
CZ0813456,Lampetra planeri,Moravice,6070c,2020-09-22
CZ0813457,Bombina variegata,CZ0813457,6076c,2021-06-10
CZ0813457,Bombina variegata,CZ0813457,6076d,2022-09-22
CZ0813457,Bombina variegata,CZ0813457_1,6076d,2023-10-11
CZ0813457,Bombina variegata,CZ0813457_2,6076d,2024-08-16
CZ0813457,Bombina variegata,CZ0813457_3,6076c,2024-08-16
CZ0813457,Bombina variegata,CZ0813457_4,6076d,2024-10-17
CZ0813457,Bombina variegata,CZ0813457_5,6076c,2024-08-14
CZ0813457,Osmoderma barnabita,CZ0813457,6076c,2019-08-01
CZ0813457,Osmoderma barnabita,CZ0813457,6076d,2019-08-01
CZ0813460,Osmoderma barnabita,CZ0813460,5672c,2021-08-10
CZ0813461,Osmoderma barnabita,CZ0813461,6075d,2019-09-02
CZ0813462,Lampetra planeri,CZ0813462,6476a,2019-02-17
CZ0813463,Osmoderma barnabita,CZ0813463,6275d,2019-07-10
CZ0813469,Bombina variegata,CZ0813469,5872c,2018-07-20
CZ0813469,Bombina variegata,amp245,5872c,2023-07-27
CZ0813475,Bombina variegata,CZ0813475,6276a,2023-06-16
CZ0813516,Bombina variegata,CZ0813516,6378c,2016-04-17
CZ0813516,Bombina variegata,CZ0813516,6478b,2015-07-19
CZ0813516,Lampetra planeri,CZ0813516,6478a,2020-03-01
CZ0813516,Lampetra planeri,OLS_001_Olše,6378a,2023-08-18
CZ0813516,Lampetra planeri,OLS_002_Olše,6378c,2023-08-18
CZ0813516,Lampetra planeri,OLS_003_Olše,6378c,2023-08-18
CZ0813516,Lampetra planeri,OLS_004_Olše,6378c,2023-08-18
CZ0813516,Lampetra planeri,OLS_005_Olše,6478b,2023-08-19
CZ0813516,Lampetra planeri,OLS_006_Olše,6478b,2023-08-19
CZ0813810,Lampetra planeri,Odra,6272c,2018-10-12
CZ0814092,Bombina variegata,CZ0814092,6274d,2014-06-27
CZ0814092,Bombina variegata,CZ0814092_2,6275a,2022-09-04
CZ0814092,Lampetra planeri,CZ0814092,6274c,2015-09-01
CZ0814092,Lampetra planeri,CZ0814092,6274d,2015-09-01
CZ0814092,Lampetra planeri,CZ0814092,6275c,2015-09-01
CZ0814092,Lampetra planeri,CZ0814092,6373b,2015-09-01
CZ0814092,Lampetra planeri,CZ0814092,6373c,2015-09-01
CZ0814092,Lampetra planeri,CZ0814092,6373d,2015-09-01
CZ0814092,Lampetra planeri,CZ0814092,6374a,2015-09-01
CZ0814092,Osmoderma barnabita,CZ0814092,6274c,2022-05-02
CZ0814092,Osmoderma barnabita,CZ0814092,6274d,2023-02-21
CZ0814092,Osmoderma barnabita,CZ0814092,6275a,2015-10-29
CZ0814092,Osmoderma barnabita,CZ0814092,6275c,2023-01-17
CZ0814092,Osmoderma barnabita,CZ0814092,6373b,2020-02-20
CZ0814092,Osmoderma barnabita,CZ0814092,6373c,2014-08-20
CZ0814092,Osmoderma barnabita,CZ0814092,6373d,2023-01-03
CZ0814092,Osmoderma barnabita,CZ0814092,6374a,2023-02-21
CZ0814093,Bombina variegata,CZ0814093,6075d,2013-07-09
CZ0814093,Bombina variegata,CZ0814093,6076c,2022-09-22
CZ0814093,Bombina variegata,CZ0814093_1,6076c,2024-08-14
CZ0814093,Bombina variegata,CZ0814093_2,6076c,2024-08-14
CZ0814093,Bombina variegata,CZ0814093_3,6076c,2024-08-14
CZ0814093,Osmoderma barnabita,3369,6076c,2024-03-08
CZ0814093,Osmoderma barnabita,CZ0814093,6076c,2024-03-08
