typ_predmetu_hodnoceni;kod_chu;nazev_chu;druh;feature_code;hodnocene_obdobi_od;hodnocene_obdobi_do;oop;parametr_nazev;parametr_hodnota;parametr_limit;parametr_jednotka;stav;trend;datum_hodnoceni;pracoviste;ind_nadr;metodika
Druh;CZ0213086;Aglaia;Triturus cristatus;1166;2022-05-17;2024-08-02;Krajský úřad Středočeského kraje;27;46.15;30;% lokalit v dobrém stavu;dobrý;neznámý;2025-09-08;RP Střední Čechy;NA;19269
Druh;CZ0213086;Aglaia;Triturus cristatus;1166;2022-05-17;2024-08-02;Krajský úřad Středočeského kraje;21;26;NA;adulti;nehodnocen;neznámý;2025-09-08;RP Střední Čechy;NA;19269
Druh;CZ0213086;Aglaia;Triturus cristatus;1166;2022-05-17;2024-08-02;Krajský úřad Středočeského kraje;22;140;NA;adulti;nehodnocen;neznámý;2025-09-08;RP Střední Čechy;NA;19269
Druh;CZ0213086;Aglaia;Triturus cristatus;1166;2022-05-17;2024-08-02;Krajský úřad Středočeského kraje;80;85.71;30;% lokalit v dobrém stavu;dobrý;neznámý;2025-09-08;RP Střední Čechy;NA;19269
Druh;CZ0213086;Aglaia;Triturus cristatus;1166;2022-05-17;2024-08-02;Krajský úřad Středočeského kraje;30;23.08;30;% lokalit v dobrém stavu;špatný;neznámý;2025-09-08;RP Střední Čechy;NA;19269
Druh;CZ0213086;Aglaia;Triturus cristatus;1166;2022-05-17;2024-08-02;Krajský úřad Středočeského kraje;31;100;30;% lokalit v dobrém stavu;dobrý;neznámý;2025-09-08;RP Střední Čechy;NA;19269
Druh;CZ0213086;Aglaia;Triturus cristatus;1166;2022-05-17;2024-08-02;Krajský úřad Středočeského kraje;32;84.62;30;% lokalit v dobrém stavu;dobrý;neznámý;2025-09-08;RP Střední Čechy;NA;19269
Druh;CZ0213086;Aglaia;Triturus cristatus;1166;2022-05-17;2024-08-02;Krajský úřad Středočeského kraje;33;100;30;% lokalit v dobrém stavu;dobrý;neznámý;2025-09-08;RP Střední Čechy;NA;19269
Druh;CZ0213086;Aglaia;Triturus cristatus;1166;2022-05-17;2024-08-02;Krajský úřad Středočeského kraje;34;100;30;% lokalit v dobrém stavu;dobrý;neznámý;2025-09-08;RP Střední Čechy;NA;19269
Druh;CZ0213086;Aglaia;Triturus cristatus;1166;2022-05-17;2024-08-02;Krajský úřad Středočeského kraje;35;46.15;30;% lokalit v dobrém stavu;dobrý;neznámý;2025-09-08;RP Střední Čechy;NA;19269
Druh;CZ0213086;Aglaia;Triturus cristatus;1166;2022-05-17;2024-08-02;Krajský úřad Středočeského kraje;36;100;30;% lokalit v dobrém stavu;dobrý;neznámý;2025-09-08;RP Střední Čechy;NA;19269
Druh;CZ0213086;Aglaia;Triturus cristatus;1166;2022-05-17;2024-08-02;Krajský úřad Středočeského kraje;38;100;30;% lokalit v dobrém stavu;dobrý;neznámý;2025-09-08;RP Střední Čechy;NA;19269
Druh;CZ0213086;Aglaia;Triturus cristatus;1166;2022-05-17;2024-08-02;Krajský úřad Středočeského kraje;130;46.15;NA;% lokalit v dobrém stavu;nehodnocen;neznámý;2025-09-08;RP Střední Čechy;NA;19269
Druh;CZ0213086;Aglaia;Triturus cristatus;1166;2022-05-17;2024-08-02;Krajský úřad Středočeského kraje;10;NA;NA;hodnocení dílčích parametrů;špatný;setrvalý;2025-09-08;RP Střední Čechy;NA;19269
Druh;CZ0213086;Aglaia;Triturus cristatus;1166;2022-05-17;2024-08-02;Krajský úřad Středočeského kraje;131;13;NA;počet dílčích lokalit;nehodnocen;neznámý;2025-09-08;RP Střední Čechy;NA;19269
Druh;CZ0213013;Březnice - Oblouček;Bombina bombina;1188;2022-05-03;2024-06-24;Krajský úřad Středočeského kraje;27;100;50;% lokalit v dobrém stavu;dobrý;neznámý;2025-09-08;RP Střední Čechy;NA;19269
Druh;CZ0213013;Březnice - Oblouček;Bombina bombina;1188;2022-05-03;2024-06-24;Krajský úřad Středočeského kraje;21;202;NA;volající samci;nehodnocen;neznámý;2025-09-08;RP Střední Čechy;NA;19269
Druh;CZ0213013;Březnice - Oblouček;Bombina bombina;1188;2022-05-03;2024-06-24;Krajský úřad Středočeského kraje;22;2000;NA;volající samci;nehodnocen;neznámý;2025-09-08;RP Střední Čechy;NA;19269
Druh;CZ0213013;Březnice - Oblouček;Bombina bombina;1188;2022-05-03;2024-06-24;Krajský úřad Středočeského kraje;80;100;50;% lokalit v dobrém stavu;dobrý;neznámý;2025-09-08;RP Střední Čechy;NA;19269
Druh;CZ0213013;Březnice - Oblouček;Bombina bombina;1188;2022-05-03;2024-06-24;Krajský úřad Středočeského kraje;30;NA;50;% lokalit v dobrém stavu;neznámý;neznámý;2025-09-08;RP Střední Čechy;NA;19269
Druh;CZ0213013;Březnice - Oblouček;Bombina bombina;1188;2022-05-03;2024-06-24;Krajský úřad Středočeského kraje;31;100;50;% lokalit v dobrém stavu;dobrý;neznámý;2025-09-08;RP Střední Čechy;NA;19269
Druh;CZ0213013;Březnice - Oblouček;Bombina bombina;1188;2022-05-03;2024-06-24;Krajský úřad Středočeského kraje;32;50;50;% lokalit v dobrém stavu;dobrý;neznámý;2025-09-08;RP Střední Čechy;NA;19269
Druh;CZ0213013;Březnice - Oblouček;Bombina bombina;1188;2022-05-03;2024-06-24;Krajský úřad Středočeského kraje;33;100;50;% lokalit v dobrém stavu;dobrý;neznámý;2025-09-08;RP Střední Čechy;NA;19269
Druh;CZ0213013;Březnice - Oblouček;Bombina bombina;1188;2022-05-03;2024-06-24;Krajský úřad Středočeského kraje;34;100;50;% lokalit v dobrém stavu;dobrý;neznámý;2025-09-08;RP Střední Čechy;NA;19269
Druh;CZ0213013;Březnice - Oblouček;Bombina bombina;1188;2022-05-03;2024-06-24;Krajský úřad Středočeského kraje;36;100;50;% lokalit v dobrém stavu;dobrý;neznámý;2025-09-08;RP Střední Čechy;NA;19269
Druh;CZ0213013;Březnice - Oblouček;Bombina bombina;1188;2022-05-03;2024-06-24;Krajský úřad Středočeského kraje;37;100;50;% lokalit v dobrém stavu;dobrý;neznámý;2025-09-08;RP Střední Čechy;NA;19269
Druh;CZ0213013;Březnice - Oblouček;Bombina bombina;1188;2022-05-03;2024-06-24;Krajský úřad Středočeského kraje;38;100;50;% lokalit v dobrém stavu;dobrý;neznámý;2025-09-08;RP Střední Čechy;NA;19269
Druh;CZ0213013;Březnice - Oblouček;Bombina bombina;1188;2022-05-03;2024-06-24;Krajský úřad Středočeského kraje;130;100;NA;% lokalit v dobrém stavu;nehodnocen;neznámý;2025-09-08;RP Střední Čechy;NA;19269
Druh;CZ0213013;Březnice - Oblouček;Bombina bombina;1188;2022-05-03;2024-06-24;Krajský úřad Středočeského kraje;131;2;NA;počet dílčích lokalit;nehodnocen;neznámý;2025-09-08;RP Střední Čechy;NA;19269
Druh;CZ0213013;Březnice - Oblouček;Bombina bombina;1188;2022-05-03;2024-06-24;Krajský úřad Středočeského kraje;10;NA;NA;hodnocení dílčích parametrů;dobrý;setrvalý;2025-09-08;RP Střední Čechy;NA;19269
Druh;CZ0213017;Dražská Koupě;Bombina bombina;1188;2022-05-03;2024-09-26;Krajský úřad Středočeského kraje;27;100;50;% lokalit v dobrém stavu;dobrý;neznámý;2025-09-08;RP Střední Čechy;NA;19269
Druh;CZ0213017;Dražská Koupě;Bombina bombina;1188;2022-05-03;2024-09-26;Krajský úřad Středočeského kraje;21;23;NA;volající samci;nehodnocen;neznámý;2025-09-08;RP Střední Čechy;NA;19269
Druh;CZ0213017;Dražská Koupě;Bombina bombina;1188;2022-05-03;2024-09-26;Krajský úřad Středočeského kraje;22;110;NA;volající samci;nehodnocen;neznámý;2025-09-08;RP Střední Čechy;NA;19269
Druh;CZ0213017;Dražská Koupě;Bombina bombina;1188;2022-05-03;2024-09-26;Krajský úřad Středočeského kraje;80;0;50;% lokalit v dobrém stavu;špatný;neznámý;2025-09-08;RP Střední Čechy;NA;19269
Druh;CZ0213017;Dražská Koupě;Bombina bombina;1188;2022-05-03;2024-09-26;Krajský úřad Středočeského kraje;30;NA;50;% lokalit v dobrém stavu;neznámý;neznámý;2025-09-08;RP Střední Čechy;NA;19269
Druh;CZ0213017;Dražská Koupě;Bombina bombina;1188;2022-05-03;2024-09-26;Krajský úřad Středočeského kraje;31;100;50;% lokalit v dobrém stavu;dobrý;neznámý;2025-09-08;RP Střední Čechy;NA;19269
Druh;CZ0213017;Dražská Koupě;Bombina bombina;1188;2022-05-03;2024-09-26;Krajský úřad Středočeského kraje;32;66.67;50;% lokalit v dobrém stavu;dobrý;neznámý;2025-09-08;RP Střední Čechy;NA;19269
Druh;CZ0213017;Dražská Koupě;Bombina bombina;1188;2022-05-03;2024-09-26;Krajský úřad Středočeského kraje;33;100;50;% lokalit v dobrém stavu;dobrý;neznámý;2025-09-08;RP Střední Čechy;NA;19269
Druh;CZ0213017;Dražská Koupě;Bombina bombina;1188;2022-05-03;2024-09-26;Krajský úřad Středočeského kraje;34;100;50;% lokalit v dobrém stavu;dobrý;neznámý;2025-09-08;RP Střední Čechy;NA;19269
Druh;CZ0213017;Dražská Koupě;Bombina bombina;1188;2022-05-03;2024-09-26;Krajský úřad Středočeského kraje;36;100;50;% lokalit v dobrém stavu;dobrý;neznámý;2025-09-08;RP Střední Čechy;NA;19269
Druh;CZ0213017;Dražská Koupě;Bombina bombina;1188;2022-05-03;2024-09-26;Krajský úřad Středočeského kraje;37;100;50;% lokalit v dobrém stavu;dobrý;neznámý;2025-09-08;RP Střední Čechy;NA;19269
Druh;CZ0213017;Dražská Koupě;Bombina bombina;1188;2022-05-03;2024-09-26;Krajský úřad Středočeského kraje;38;100;50;% lokalit v dobrém stavu;dobrý;neznámý;2025-09-08;RP Střední Čechy;NA;19269
Druh;CZ0213017;Dražská Koupě;Bombina bombina;1188;2022-05-03;2024-09-26;Krajský úřad Středočeského kraje;130;33.33;NA;% lokalit v dobrém stavu;nehodnocen;neznámý;2025-09-08;RP Střední Čechy;NA;19269
Druh;CZ0213017;Dražská Koupě;Bombina bombina;1188;2022-05-03;2024-09-26;Krajský úřad Středočeského kraje;131;3;NA;počet dílčích lokalit;nehodnocen;neznámý;2025-09-08;RP Střední Čechy;NA;19269
Druh;CZ0213017;Dražská Koupě;Bombina bombina;1188;2022-05-03;2024-09-26;Krajský úřad Středočeského kraje;10;NA;NA;hodnocení dílčích parametrů;špatný;zhoršující se;2025-09-08;RP Střední Čechy;NA;19269
Druh;CZ0213784;Horní a Dolní obděnický rybník;Bombina bombina;1188;2022-05-04;2024-09-24;Krajský úřad Středočeského kraje;27;60;50;% lokalit v dobrém stavu;dobrý;neznámý;2025-09-08;RP Střední Čechy;NA;19269
Druh;CZ0213784;Horní a Dolní obděnický rybník;Bombina bombina;1188;2022-05-04;2024-09-24;Krajský úřad Středočeského kraje;21;253;NA;volající samci;nehodnocen;neznámý;2025-09-08;RP Střední Čechy;NA;19269
Druh;CZ0213784;Horní a Dolní obděnický rybník;Bombina bombina;1188;2022-05-04;2024-09-24;Krajský úřad Středočeského kraje;22;2100;NA;volající samci;nehodnocen;neznámý;2025-09-08;RP Střední Čechy;NA;19269
Druh;CZ0213784;Horní a Dolní obděnický rybník;Bombina bombina;1188;2022-05-04;2024-09-24;Krajský úřad Středočeského kraje;80;75;50;% lokalit v dobrém stavu;dobrý;neznámý;2025-09-08;RP Střední Čechy;NA;19269
Druh;CZ0213784;Horní a Dolní obděnický rybník;Bombina bombina;1188;2022-05-04;2024-09-24;Krajský úřad Středočeského kraje;30;NA;50;% lokalit v dobrém stavu;neznámý;neznámý;2025-09-08;RP Střední Čechy;NA;19269
Druh;CZ0213784;Horní a Dolní obděnický rybník;Bombina bombina;1188;2022-05-04;2024-09-24;Krajský úřad Středočeského kraje;31;100;50;% lokalit v dobrém stavu;dobrý;neznámý;2025-09-08;RP Střední Čechy;NA;19269
Druh;CZ0213784;Horní a Dolní obděnický rybník;Bombina bombina;1188;2022-05-04;2024-09-24;Krajský úřad Středočeského kraje;32;40;50;% lokalit v dobrém stavu;špatný;neznámý;2025-09-08;RP Střední Čechy;NA;19269
Druh;CZ0213784;Horní a Dolní obděnický rybník;Bombina bombina;1188;2022-05-04;2024-09-24;Krajský úřad Středočeského kraje;33;100;50;% lokalit v dobrém stavu;dobrý;neznámý;2025-09-08;RP Střední Čechy;NA;19269
Druh;CZ0213784;Horní a Dolní obděnický rybník;Bombina bombina;1188;2022-05-04;2024-09-24;Krajský úřad Středočeského kraje;34;100;50;% lokalit v dobrém stavu;dobrý;neznámý;2025-09-08;RP Střední Čechy;NA;19269
Druh;CZ0213784;Horní a Dolní obděnický rybník;Bombina bombina;1188;2022-05-04;2024-09-24;Krajský úřad Středočeského kraje;36;100;50;% lokalit v dobrém stavu;dobrý;neznámý;2025-09-08;RP Střední Čechy;NA;19269
Druh;CZ0213784;Horní a Dolní obděnický rybník;Bombina bombina;1188;2022-05-04;2024-09-24;Krajský úřad Středočeského kraje;37;100;50;% lokalit v dobrém stavu;dobrý;neznámý;2025-09-08;RP Střední Čechy;NA;19269
Druh;CZ0213784;Horní a Dolní obděnický rybník;Bombina bombina;1188;2022-05-04;2024-09-24;Krajský úřad Středočeského kraje;38;100;50;% lokalit v dobrém stavu;dobrý;neznámý;2025-09-08;RP Střední Čechy;NA;19269
Druh;CZ0213784;Horní a Dolní obděnický rybník;Bombina bombina;1188;2022-05-04;2024-09-24;Krajský úřad Středočeského kraje;130;60;NA;% lokalit v dobrém stavu;nehodnocen;neznámý;2025-09-08;RP Střední Čechy;NA;19269
Druh;CZ0213784;Horní a Dolní obděnický rybník;Bombina bombina;1188;2022-05-04;2024-09-24;Krajský úřad Středočeského kraje;131;5;NA;počet dílčích lokalit;nehodnocen;neznámý;2025-09-08;RP Střední Čechy;NA;19269
Druh;CZ0213784;Horní a Dolní obděnický rybník;Bombina bombina;1188;2022-05-04;2024-09-24;Krajský úřad Středočeského kraje;10;NA;NA;hodnocení dílčích parametrů;dobrý;setrvalý;2025-09-08;RP Střední Čechy;NA;19269
Druh;CZ0213785;Horní solopyský rybník;Bombina bombina;1188;2022-05-04;2024-07-05;Krajský úřad Středočeského kraje;27;100;50;% lokalit v dobrém stavu;dobrý;neznámý;2025-09-08;RP Střední Čechy;NA;19269
Druh;CZ0213785;Horní solopyský rybník;Bombina bombina;1188;2022-05-04;2024-07-05;Krajský úřad Středočeského kraje;21;102;NA;volající samci;nehodnocen;neznámý;2025-09-08;RP Střední Čechy;NA;19269
Druh;CZ0213785;Horní solopyský rybník;Bombina bombina;1188;2022-05-04;2024-07-05;Krajský úřad Středočeského kraje;22;1010;NA;volající samci;nehodnocen;neznámý;2025-09-08;RP Střední Čechy;NA;19269
Druh;CZ0213785;Horní solopyský rybník;Bombina bombina;1188;2022-05-04;2024-07-05;Krajský úřad Středočeského kraje;80;100;50;% lokalit v dobrém stavu;dobrý;neznámý;2025-09-08;RP Střední Čechy;NA;19269
Druh;CZ0213785;Horní solopyský rybník;Bombina bombina;1188;2022-05-04;2024-07-05;Krajský úřad Středočeského kraje;30;NA;50;% lokalit v dobrém stavu;neznámý;neznámý;2025-09-08;RP Střední Čechy;NA;19269
Druh;CZ0213785;Horní solopyský rybník;Bombina bombina;1188;2022-05-04;2024-07-05;Krajský úřad Středočeského kraje;31;100;50;% lokalit v dobrém stavu;dobrý;neznámý;2025-09-08;RP Střední Čechy;NA;19269
Druh;CZ0213785;Horní solopyský rybník;Bombina bombina;1188;2022-05-04;2024-07-05;Krajský úřad Středočeského kraje;32;0;50;% lokalit v dobrém stavu;špatný;neznámý;2025-09-08;RP Střední Čechy;NA;19269
Druh;CZ0213785;Horní solopyský rybník;Bombina bombina;1188;2022-05-04;2024-07-05;Krajský úřad Středočeského kraje;33;100;50;% lokalit v dobrém stavu;dobrý;neznámý;2025-09-08;RP Střední Čechy;NA;19269
Druh;CZ0213785;Horní solopyský rybník;Bombina bombina;1188;2022-05-04;2024-07-05;Krajský úřad Středočeského kraje;34;100;50;% lokalit v dobrém stavu;dobrý;neznámý;2025-09-08;RP Střední Čechy;NA;19269
Druh;CZ0213785;Horní solopyský rybník;Bombina bombina;1188;2022-05-04;2024-07-05;Krajský úřad Středočeského kraje;36;100;50;% lokalit v dobrém stavu;dobrý;neznámý;2025-09-08;RP Střední Čechy;NA;19269
Druh;CZ0213785;Horní solopyský rybník;Bombina bombina;1188;2022-05-04;2024-07-05;Krajský úřad Středočeského kraje;37;100;50;% lokalit v dobrém stavu;dobrý;neznámý;2025-09-08;RP Střední Čechy;NA;19269
Druh;CZ0213785;Horní solopyský rybník;Bombina bombina;1188;2022-05-04;2024-07-05;Krajský úřad Středočeského kraje;38;100;50;% lokalit v dobrém stavu;dobrý;neznámý;2025-09-08;RP Střední Čechy;NA;19269
Druh;CZ0213785;Horní solopyský rybník;Bombina bombina;1188;2022-05-04;2024-07-05;Krajský úřad Středočeského kraje;130;100;NA;% lokalit v dobrém stavu;nehodnocen;neznámý;2025-09-08;RP Střední Čechy;NA;19269
Druh;CZ0213785;Horní solopyský rybník;Bombina bombina;1188;2022-05-04;2024-07-05;Krajský úřad Středočeského kraje;131;2;NA;počet dílčích lokalit;nehodnocen;neznámý;2025-09-08;RP Střední Čechy;NA;19269
Druh;CZ0213785;Horní solopyský rybník;Bombina bombina;1188;2022-05-04;2024-07-05;Krajský úřad Středočeského kraje;10;NA;NA;hodnocení dílčích parametrů;dobrý;setrvalý;2025-09-08;RP Střední Čechy;NA;19269
Druh;CZ0213789;Jablonná - mokřad;Bombina bombina;1188;2022-04-26;2024-06-20;Krajský úřad Středočeského kraje;27;0;50;% lokalit v dobrém stavu;špatný;neznámý;2025-09-08;RP Střední Čechy;NA;19269
Druh;CZ0213789;Jablonná - mokřad;Bombina bombina;1188;2022-04-26;2024-06-20;Krajský úřad Středočeského kraje;21;0;NA;volající samci;nehodnocen;neznámý;2025-09-08;RP Střední Čechy;NA;19269
Druh;CZ0213789;Jablonná - mokřad;Bombina bombina;1188;2022-04-26;2024-06-20;Krajský úřad Středočeského kraje;22;0;NA;volající samci;nehodnocen;neznámý;2025-09-08;RP Střední Čechy;NA;19269
Druh;CZ0213789;Jablonná - mokřad;Bombina bombina;1188;2022-04-26;2024-06-20;Krajský úřad Středočeského kraje;80;0;50;% lokalit v dobrém stavu;špatný;neznámý;2025-09-08;RP Střední Čechy;NA;19269
Druh;CZ0213789;Jablonná - mokřad;Bombina bombina;1188;2022-04-26;2024-06-20;Krajský úřad Středočeského kraje;30;NA;50;% lokalit v dobrém stavu;neznámý;neznámý;2025-09-08;RP Střední Čechy;NA;19269
Druh;CZ0213789;Jablonná - mokřad;Bombina bombina;1188;2022-04-26;2024-06-20;Krajský úřad Středočeského kraje;31;100;50;% lokalit v dobrém stavu;dobrý;neznámý;2025-09-08;RP Střední Čechy;NA;19269
Druh;CZ0213789;Jablonná - mokřad;Bombina bombina;1188;2022-04-26;2024-06-20;Krajský úřad Středočeského kraje;32;0;50;% lokalit v dobrém stavu;špatný;neznámý;2025-09-08;RP Střední Čechy;NA;19269
Druh;CZ0213789;Jablonná - mokřad;Bombina bombina;1188;2022-04-26;2024-06-20;Krajský úřad Středočeského kraje;33;100;50;% lokalit v dobrém stavu;dobrý;neznámý;2025-09-08;RP Střední Čechy;NA;19269
Druh;CZ0213789;Jablonná - mokřad;Bombina bombina;1188;2022-04-26;2024-06-20;Krajský úřad Středočeského kraje;34;100;50;% lokalit v dobrém stavu;dobrý;neznámý;2025-09-08;RP Střední Čechy;NA;19269
Druh;CZ0213789;Jablonná - mokřad;Bombina bombina;1188;2022-04-26;2024-06-20;Krajský úřad Středočeského kraje;36;100;50;% lokalit v dobrém stavu;dobrý;neznámý;2025-09-08;RP Střední Čechy;NA;19269
Druh;CZ0213789;Jablonná - mokřad;Bombina bombina;1188;2022-04-26;2024-06-20;Krajský úřad Středočeského kraje;37;100;50;% lokalit v dobrém stavu;dobrý;neznámý;2025-09-08;RP Střední Čechy;NA;19269
Druh;CZ0213789;Jablonná - mokřad;Bombina bombina;1188;2022-04-26;2024-06-20;Krajský úřad Středočeského kraje;38;100;50;% lokalit v dobrém stavu;dobrý;neznámý;2025-09-08;RP Střední Čechy;NA;19269
Druh;CZ0213789;Jablonná - mokřad;Bombina bombina;1188;2022-04-26;2024-06-20;Krajský úřad Středočeského kraje;130;0;NA;% lokalit v dobrém stavu;nehodnocen;neznámý;2025-09-08;RP Střední Čechy;NA;19269
Druh;CZ0213789;Jablonná - mokřad;Bombina bombina;1188;2022-04-26;2024-06-20;Krajský úřad Středočeského kraje;131;2;NA;počet dílčích lokalit;nehodnocen;neznámý;2025-09-08;RP Střední Čechy;NA;19269
Druh;CZ0213789;Jablonná - mokřad;Bombina bombina;1188;2022-04-26;2024-06-20;Krajský úřad Středočeského kraje;10;NA;NA;hodnocení dílčích parametrů;špatný;zhoršující se;2025-09-08;RP Střední Čechy;NA;19269
Druh;CZ0213791;Jezera;Bombina bombina;1188;2022-05-07;2024-06-25;Krajský úřad Středočeského kraje;27;100;50;% lokalit v dobrém stavu;dobrý;neznámý;2025-09-08;RP Střední Čechy;NA;19269
Druh;CZ0213791;Jezera;Bombina bombina;1188;2022-05-07;2024-06-25;Krajský úřad Středočeského kraje;21;202;NA;volající samci;nehodnocen;neznámý;2025-09-08;RP Střední Čechy;NA;19269
Druh;CZ0213791;Jezera;Bombina bombina;1188;2022-05-07;2024-06-25;Krajský úřad Středočeského kraje;22;2000;NA;volající samci;nehodnocen;neznámý;2025-09-08;RP Střední Čechy;NA;19269
Druh;CZ0213791;Jezera;Bombina bombina;1188;2022-05-07;2024-06-25;Krajský úřad Středočeského kraje;80;100;50;% lokalit v dobrém stavu;dobrý;neznámý;2025-09-08;RP Střední Čechy;NA;19269
Druh;CZ0213791;Jezera;Bombina bombina;1188;2022-05-07;2024-06-25;Krajský úřad Středočeského kraje;30;NA;50;% lokalit v dobrém stavu;neznámý;neznámý;2025-09-08;RP Střední Čechy;NA;19269
Druh;CZ0213791;Jezera;Bombina bombina;1188;2022-05-07;2024-06-25;Krajský úřad Středočeského kraje;31;100;50;% lokalit v dobrém stavu;dobrý;neznámý;2025-09-08;RP Střední Čechy;NA;19269
Druh;CZ0213791;Jezera;Bombina bombina;1188;2022-05-07;2024-06-25;Krajský úřad Středočeského kraje;32;0;50;% lokalit v dobrém stavu;špatný;neznámý;2025-09-08;RP Střední Čechy;NA;19269
Druh;CZ0213791;Jezera;Bombina bombina;1188;2022-05-07;2024-06-25;Krajský úřad Středočeského kraje;33;100;50;% lokalit v dobrém stavu;dobrý;neznámý;2025-09-08;RP Střední Čechy;NA;19269
Druh;CZ0213791;Jezera;Bombina bombina;1188;2022-05-07;2024-06-25;Krajský úřad Středočeského kraje;34;100;50;% lokalit v dobrém stavu;dobrý;neznámý;2025-09-08;RP Střední Čechy;NA;19269
Druh;CZ0213791;Jezera;Bombina bombina;1188;2022-05-07;2024-06-25;Krajský úřad Středočeského kraje;36;100;50;% lokalit v dobrém stavu;dobrý;neznámý;2025-09-08;RP Střední Čechy;NA;19269
Druh;CZ0213791;Jezera;Bombina bombina;1188;2022-05-07;2024-06-25;Krajský úřad Středočeského kraje;37;100;50;% lokalit v dobrém stavu;dobrý;neznámý;2025-09-08;RP Střední Čechy;NA;19269
Druh;CZ0213791;Jezera;Bombina bombina;1188;2022-05-07;2024-06-25;Krajský úřad Středočeského kraje;38;100;50;% lokalit v dobrém stavu;dobrý;neznámý;2025-09-08;RP Střední Čechy;NA;19269
Druh;CZ0213791;Jezera;Bombina bombina;1188;2022-05-07;2024-06-25;Krajský úřad Středočeského kraje;130;100;NA;% lokalit v dobrém stavu;nehodnocen;neznámý;2025-09-08;RP Střední Čechy;NA;19269
Druh;CZ0213791;Jezera;Bombina bombina;1188;2022-05-07;2024-06-25;Krajský úřad Středočeského kraje;131;2;NA;počet dílčích lokalit;nehodnocen;neznámý;2025-09-08;RP Střední Čechy;NA;19269
Druh;CZ0213791;Jezera;Bombina bombina;1188;2022-05-07;2024-06-25;Krajský úřad Středočeského kraje;10;NA;NA;hodnocení dílčích parametrů;dobrý;setrvalý;2025-09-08;RP Střední Čechy;NA;19269
Druh;CZ0213028;Kalivody;Bombina bombina;1188;2022-04-27;2024-07-17;Krajský úřad Středočeského kraje;27;0;50;% lokalit v dobrém stavu;špatný;neznámý;2025-09-08;RP Střední Čechy;NA;19269
Druh;CZ0213028;Kalivody;Bombina bombina;1188;2022-04-27;2024-07-17;Krajský úřad Středočeského kraje;21;0;NA;volající samci;nehodnocen;neznámý;2025-09-08;RP Střední Čechy;NA;19269
Druh;CZ0213028;Kalivody;Bombina bombina;1188;2022-04-27;2024-07-17;Krajský úřad Středočeského kraje;22;0;NA;volající samci;nehodnocen;neznámý;2025-09-08;RP Střední Čechy;NA;19269
Druh;CZ0213028;Kalivody;Bombina bombina;1188;2022-04-27;2024-07-17;Krajský úřad Středočeského kraje;80;0;50;% lokalit v dobrém stavu;špatný;neznámý;2025-09-08;RP Střední Čechy;NA;19269
Druh;CZ0213028;Kalivody;Bombina bombina;1188;2022-04-27;2024-07-17;Krajský úřad Středočeského kraje;30;NA;50;% lokalit v dobrém stavu;neznámý;neznámý;2025-09-08;RP Střední Čechy;NA;19269
Druh;CZ0213028;Kalivody;Bombina bombina;1188;2022-04-27;2024-07-17;Krajský úřad Středočeského kraje;31;100;50;% lokalit v dobrém stavu;dobrý;neznámý;2025-09-08;RP Střední Čechy;NA;19269
Druh;CZ0213028;Kalivody;Bombina bombina;1188;2022-04-27;2024-07-17;Krajský úřad Středočeského kraje;32;0;50;% lokalit v dobrém stavu;špatný;neznámý;2025-09-08;RP Střední Čechy;NA;19269
Druh;CZ0213028;Kalivody;Bombina bombina;1188;2022-04-27;2024-07-17;Krajský úřad Středočeského kraje;33;100;50;% lokalit v dobrém stavu;dobrý;neznámý;2025-09-08;RP Střední Čechy;NA;19269
Druh;CZ0213028;Kalivody;Bombina bombina;1188;2022-04-27;2024-07-17;Krajský úřad Středočeského kraje;34;100;50;% lokalit v dobrém stavu;dobrý;neznámý;2025-09-08;RP Střední Čechy;NA;19269
Druh;CZ0213028;Kalivody;Bombina bombina;1188;2022-04-27;2024-07-17;Krajský úřad Středočeského kraje;36;100;50;% lokalit v dobrém stavu;dobrý;neznámý;2025-09-08;RP Střední Čechy;NA;19269
Druh;CZ0213028;Kalivody;Bombina bombina;1188;2022-04-27;2024-07-17;Krajský úřad Středočeského kraje;37;100;50;% lokalit v dobrém stavu;dobrý;neznámý;2025-09-08;RP Střední Čechy;NA;19269
Druh;CZ0213028;Kalivody;Bombina bombina;1188;2022-04-27;2024-07-17;Krajský úřad Středočeského kraje;38;100;50;% lokalit v dobrém stavu;dobrý;neznámý;2025-09-08;RP Střední Čechy;NA;19269
Druh;CZ0213028;Kalivody;Bombina bombina;1188;2022-04-27;2024-07-17;Krajský úřad Středočeského kraje;130;0;NA;% lokalit v dobrém stavu;nehodnocen;neznámý;2025-09-08;RP Střední Čechy;NA;19269
Druh;CZ0213028;Kalivody;Bombina bombina;1188;2022-04-27;2024-07-17;Krajský úřad Středočeského kraje;131;3;NA;počet dílčích lokalit;nehodnocen;neznámý;2025-09-08;RP Střední Čechy;NA;19269
Druh;CZ0213028;Kalivody;Bombina bombina;1188;2022-04-27;2024-07-17;Krajský úřad Středočeského kraje;10;NA;NA;hodnocení dílčích parametrů;špatný;setrvalý;2025-09-08;RP Střední Čechy;NA;19269
Druh;CZ0213029;Kalspot;Triturus cristatus;1166;2022-04-21;2024-07-17;Krajský úřad Středočeského kraje;27;50;50;% lokalit v dobrém stavu;dobrý;neznámý;2025-09-08;RP Střední Čechy;NA;19269
Druh;CZ0213029;Kalspot;Triturus cristatus;1166;2022-04-21;2024-07-17;Krajský úřad Středočeského kraje;21;0;NA;adulti;nehodnocen;neznámý;2025-09-08;RP Střední Čechy;NA;19269
Druh;CZ0213029;Kalspot;Triturus cristatus;1166;2022-04-21;2024-07-17;Krajský úřad Středočeského kraje;22;0;NA;adulti;nehodnocen;neznámý;2025-09-08;RP Střední Čechy;NA;19269
Druh;CZ0213029;Kalspot;Triturus cristatus;1166;2022-04-21;2024-07-17;Krajský úřad Středočeského kraje;80;66.67;50;% lokalit v dobrém stavu;dobrý;neznámý;2025-09-08;RP Střední Čechy;NA;19269
Druh;CZ0213029;Kalspot;Triturus cristatus;1166;2022-04-21;2024-07-17;Krajský úřad Středočeského kraje;30;50;50;% lokalit v dobrém stavu;dobrý;neznámý;2025-09-08;RP Střední Čechy;NA;19269
Druh;CZ0213029;Kalspot;Triturus cristatus;1166;2022-04-21;2024-07-17;Krajský úřad Středočeského kraje;31;100;50;% lokalit v dobrém stavu;dobrý;neznámý;2025-09-08;RP Střední Čechy;NA;19269
Druh;CZ0213029;Kalspot;Triturus cristatus;1166;2022-04-21;2024-07-17;Krajský úřad Středočeského kraje;32;100;50;% lokalit v dobrém stavu;dobrý;neznámý;2025-09-08;RP Střední Čechy;NA;19269
Druh;CZ0213029;Kalspot;Triturus cristatus;1166;2022-04-21;2024-07-17;Krajský úřad Středočeského kraje;33;100;50;% lokalit v dobrém stavu;dobrý;neznámý;2025-09-08;RP Střední Čechy;NA;19269
Druh;CZ0213029;Kalspot;Triturus cristatus;1166;2022-04-21;2024-07-17;Krajský úřad Středočeského kraje;34;100;50;% lokalit v dobrém stavu;dobrý;neznámý;2025-09-08;RP Střední Čechy;NA;19269
Druh;CZ0213029;Kalspot;Triturus cristatus;1166;2022-04-21;2024-07-17;Krajský úřad Středočeského kraje;35;0;50;% lokalit v dobrém stavu;špatný;neznámý;2025-09-08;RP Střední Čechy;NA;19269
Druh;CZ0213029;Kalspot;Triturus cristatus;1166;2022-04-21;2024-07-17;Krajský úřad Středočeského kraje;36;25;50;% lokalit v dobrém stavu;špatný;neznámý;2025-09-08;RP Střední Čechy;NA;19269
Druh;CZ0213029;Kalspot;Triturus cristatus;1166;2022-04-21;2024-07-17;Krajský úřad Středočeského kraje;38;100;50;% lokalit v dobrém stavu;dobrý;neznámý;2025-09-08;RP Střední Čechy;NA;19269
Druh;CZ0213029;Kalspot;Triturus cristatus;1166;2022-04-21;2024-07-17;Krajský úřad Středočeského kraje;130;37.5;NA;% lokalit v dobrém stavu;nehodnocen;neznámý;2025-09-08;RP Střední Čechy;NA;19269
Druh;CZ0213029;Kalspot;Triturus cristatus;1166;2022-04-21;2024-07-17;Krajský úřad Středočeského kraje;10;NA;NA;hodnocení dílčích parametrů;zhoršený;zlepšující se;2025-09-08;RP Střední Čechy;NA;19269
Druh;CZ0213029;Kalspot;Triturus cristatus;1166;2022-04-21;2024-07-17;Krajský úřad Středočeského kraje;131;4;NA;počet dílčích lokalit;nehodnocen;neznámý;2025-09-08;RP Střední Čechy;NA;19269
Druh;CZ0214007;Káraný - Hrbáčkovy tůně;Triturus cristatus;1166;2022-04-30;2024-06-27;Krajský úřad Středočeského kraje;27;7.69;30;% lokalit v dobrém stavu;špatný;neznámý;2025-09-08;RP SCHKO Kokořínsko - Máchův kraj;NA;19269
Druh;CZ0214007;Káraný - Hrbáčkovy tůně;Triturus cristatus;1166;2022-04-30;2024-06-27;Krajský úřad Středočeského kraje;21;1;NA;adulti;nehodnocen;neznámý;2025-09-08;RP SCHKO Kokořínsko - Máchův kraj;NA;19269
Druh;CZ0214007;Káraný - Hrbáčkovy tůně;Triturus cristatus;1166;2022-04-30;2024-06-27;Krajský úřad Středočeského kraje;22;10;NA;adulti;nehodnocen;neznámý;2025-09-08;RP SCHKO Kokořínsko - Máchův kraj;NA;19269
Druh;CZ0214007;Káraný - Hrbáčkovy tůně;Triturus cristatus;1166;2022-04-30;2024-06-27;Krajský úřad Středočeského kraje;80;100;30;% lokalit v dobrém stavu;dobrý;neznámý;2025-09-08;RP SCHKO Kokořínsko - Máchův kraj;NA;19269
Druh;CZ0214007;Káraný - Hrbáčkovy tůně;Triturus cristatus;1166;2022-04-30;2024-06-27;Krajský úřad Středočeského kraje;30;0;30;% lokalit v dobrém stavu;špatný;neznámý;2025-09-08;RP SCHKO Kokořínsko - Máchův kraj;NA;19269
Druh;CZ0214007;Káraný - Hrbáčkovy tůně;Triturus cristatus;1166;2022-04-30;2024-06-27;Krajský úřad Středočeského kraje;31;100;30;% lokalit v dobrém stavu;dobrý;neznámý;2025-09-08;RP SCHKO Kokořínsko - Máchův kraj;NA;19269
Druh;CZ0214007;Káraný - Hrbáčkovy tůně;Triturus cristatus;1166;2022-04-30;2024-06-27;Krajský úřad Středočeského kraje;32;69.23;30;% lokalit v dobrém stavu;dobrý;neznámý;2025-09-08;RP SCHKO Kokořínsko - Máchův kraj;NA;19269
Druh;CZ0214007;Káraný - Hrbáčkovy tůně;Triturus cristatus;1166;2022-04-30;2024-06-27;Krajský úřad Středočeského kraje;33;100;30;% lokalit v dobrém stavu;dobrý;neznámý;2025-09-08;RP SCHKO Kokořínsko - Máchův kraj;NA;19269
Druh;CZ0214007;Káraný - Hrbáčkovy tůně;Triturus cristatus;1166;2022-04-30;2024-06-27;Krajský úřad Středočeského kraje;34;84.62;30;% lokalit v dobrém stavu;dobrý;neznámý;2025-09-08;RP SCHKO Kokořínsko - Máchův kraj;NA;19269
Druh;CZ0214007;Káraný - Hrbáčkovy tůně;Triturus cristatus;1166;2022-04-30;2024-06-27;Krajský úřad Středočeského kraje;35;38.46;30;% lokalit v dobrém stavu;dobrý;neznámý;2025-09-08;RP SCHKO Kokořínsko - Máchův kraj;NA;19269
Druh;CZ0214007;Káraný - Hrbáčkovy tůně;Triturus cristatus;1166;2022-04-30;2024-06-27;Krajský úřad Středočeského kraje;36;61.54;30;% lokalit v dobrém stavu;dobrý;neznámý;2025-09-08;RP SCHKO Kokořínsko - Máchův kraj;NA;19269
Druh;CZ0214007;Káraný - Hrbáčkovy tůně;Triturus cristatus;1166;2022-04-30;2024-06-27;Krajský úřad Středočeského kraje;38;100;30;% lokalit v dobrém stavu;dobrý;neznámý;2025-09-08;RP SCHKO Kokořínsko - Máchův kraj;NA;19269
Druh;CZ0214007;Káraný - Hrbáčkovy tůně;Triturus cristatus;1166;2022-04-30;2024-06-27;Krajský úřad Středočeského kraje;130;7.69;NA;% lokalit v dobrém stavu;nehodnocen;neznámý;2025-09-08;RP SCHKO Kokořínsko - Máchův kraj;NA;19269
Druh;CZ0214007;Káraný - Hrbáčkovy tůně;Triturus cristatus;1166;2022-04-30;2024-06-27;Krajský úřad Středočeského kraje;10;NA;NA;hodnocení dílčích parametrů;špatný;setrvalý;2025-09-08;RP SCHKO Kokořínsko - Máchův kraj;NA;19269
Druh;CZ0214007;Káraný - Hrbáčkovy tůně;Triturus cristatus;1166;2022-04-30;2024-06-27;Krajský úřad Středočeského kraje;131;13;NA;počet dílčích lokalit;nehodnocen;neznámý;2025-09-08;RP SCHKO Kokořínsko - Máchův kraj;NA;19269
Druh;CZ0213794;Kerské rybníčky;Triturus cristatus;1166;2022-06-08;2024-08-01;Krajský úřad Středočeského kraje;27;100;50;% lokalit v dobrém stavu;dobrý;neznámý;2025-09-08;RP SCHKO Kokořínsko - Máchův kraj;NA;19269
Druh;CZ0213794;Kerské rybníčky;Triturus cristatus;1166;2022-06-08;2024-08-01;Krajský úřad Středočeského kraje;21;0;NA;adulti;nehodnocen;neznámý;2025-09-08;RP SCHKO Kokořínsko - Máchův kraj;NA;19269
Druh;CZ0213794;Kerské rybníčky;Triturus cristatus;1166;2022-06-08;2024-08-01;Krajský úřad Středočeského kraje;22;0;NA;adulti;nehodnocen;neznámý;2025-09-08;RP SCHKO Kokořínsko - Máchův kraj;NA;19269
Druh;CZ0213794;Kerské rybníčky;Triturus cristatus;1166;2022-06-08;2024-08-01;Krajský úřad Středočeského kraje;80;NA;50;% lokalit v dobrém stavu;neznámý;neznámý;2025-09-08;RP SCHKO Kokořínsko - Máchův kraj;NA;19269
Druh;CZ0213794;Kerské rybníčky;Triturus cristatus;1166;2022-06-08;2024-08-01;Krajský úřad Středočeského kraje;30;100;50;% lokalit v dobrém stavu;dobrý;neznámý;2025-09-08;RP SCHKO Kokořínsko - Máchův kraj;NA;19269
Druh;CZ0213794;Kerské rybníčky;Triturus cristatus;1166;2022-06-08;2024-08-01;Krajský úřad Středočeského kraje;31;100;50;% lokalit v dobrém stavu;dobrý;neznámý;2025-09-08;RP SCHKO Kokořínsko - Máchův kraj;NA;19269
Druh;CZ0213794;Kerské rybníčky;Triturus cristatus;1166;2022-06-08;2024-08-01;Krajský úřad Středočeského kraje;32;100;50;% lokalit v dobrém stavu;dobrý;neznámý;2025-09-08;RP SCHKO Kokořínsko - Máchův kraj;NA;19269
Druh;CZ0213794;Kerské rybníčky;Triturus cristatus;1166;2022-06-08;2024-08-01;Krajský úřad Středočeského kraje;33;100;50;% lokalit v dobrém stavu;dobrý;neznámý;2025-09-08;RP SCHKO Kokořínsko - Máchův kraj;NA;19269
Druh;CZ0213794;Kerské rybníčky;Triturus cristatus;1166;2022-06-08;2024-08-01;Krajský úřad Středočeského kraje;34;100;50;% lokalit v dobrém stavu;dobrý;neznámý;2025-09-08;RP SCHKO Kokořínsko - Máchův kraj;NA;19269
Druh;CZ0213794;Kerské rybníčky;Triturus cristatus;1166;2022-06-08;2024-08-01;Krajský úřad Středočeského kraje;35;100;50;% lokalit v dobrém stavu;dobrý;neznámý;2025-09-08;RP SCHKO Kokořínsko - Máchův kraj;NA;19269
Druh;CZ0213794;Kerské rybníčky;Triturus cristatus;1166;2022-06-08;2024-08-01;Krajský úřad Středočeského kraje;36;100;50;% lokalit v dobrém stavu;dobrý;neznámý;2025-09-08;RP SCHKO Kokořínsko - Máchův kraj;NA;19269
Druh;CZ0213794;Kerské rybníčky;Triturus cristatus;1166;2022-06-08;2024-08-01;Krajský úřad Středočeského kraje;38;100;50;% lokalit v dobrém stavu;dobrý;neznámý;2025-09-08;RP SCHKO Kokořínsko - Máchův kraj;NA;19269
Druh;CZ0213794;Kerské rybníčky;Triturus cristatus;1166;2022-06-08;2024-08-01;Krajský úřad Středočeského kraje;130;100;NA;% lokalit v dobrém stavu;nehodnocen;neznámý;2025-09-08;RP SCHKO Kokořínsko - Máchův kraj;NA;19269
Druh;CZ0213794;Kerské rybníčky;Triturus cristatus;1166;2022-06-08;2024-08-01;Krajský úřad Středočeského kraje;10;NA;NA;hodnocení dílčích parametrů;dobrý;zlepšující se;2025-09-08;RP SCHKO Kokořínsko - Máchův kraj;NA;19269
Druh;CZ0213794;Kerské rybníčky;Triturus cristatus;1166;2022-06-08;2024-08-01;Krajský úřad Středočeského kraje;131;2;NA;počet dílčích lokalit;nehodnocen;neznámý;2025-09-08;RP SCHKO Kokořínsko - Máchův kraj;NA;19269
Druh;CZ0213038;Kyšice - Kobyla;Triturus cristatus;1166;2022-04-21;2024-07-17;Krajský úřad Středočeského kraje;27;100;50;% lokalit v dobrém stavu;dobrý;neznámý;2025-09-08;RP Střední Čechy;NA;19269
Druh;CZ0213038;Kyšice - Kobyla;Triturus cristatus;1166;2022-04-21;2024-07-17;Krajský úřad Středočeského kraje;21;3;NA;adulti;nehodnocen;neznámý;2025-09-08;RP Střední Čechy;NA;19269
Druh;CZ0213038;Kyšice - Kobyla;Triturus cristatus;1166;2022-04-21;2024-07-17;Krajský úřad Středočeského kraje;22;30;NA;adulti;nehodnocen;neznámý;2025-09-08;RP Střední Čechy;NA;19269
Druh;CZ0213038;Kyšice - Kobyla;Triturus cristatus;1166;2022-04-21;2024-07-17;Krajský úřad Středočeského kraje;80;33.33;50;% lokalit v dobrém stavu;špatný;neznámý;2025-09-08;RP Střední Čechy;NA;19269
Druh;CZ0213038;Kyšice - Kobyla;Triturus cristatus;1166;2022-04-21;2024-07-17;Krajský úřad Středočeského kraje;30;100;50;% lokalit v dobrém stavu;dobrý;neznámý;2025-09-08;RP Střední Čechy;NA;19269
Druh;CZ0213038;Kyšice - Kobyla;Triturus cristatus;1166;2022-04-21;2024-07-17;Krajský úřad Středočeského kraje;31;75;50;% lokalit v dobrém stavu;dobrý;neznámý;2025-09-08;RP Střední Čechy;NA;19269
Druh;CZ0213038;Kyšice - Kobyla;Triturus cristatus;1166;2022-04-21;2024-07-17;Krajský úřad Středočeského kraje;32;100;50;% lokalit v dobrém stavu;dobrý;neznámý;2025-09-08;RP Střední Čechy;NA;19269
Druh;CZ0213038;Kyšice - Kobyla;Triturus cristatus;1166;2022-04-21;2024-07-17;Krajský úřad Středočeského kraje;33;100;50;% lokalit v dobrém stavu;dobrý;neznámý;2025-09-08;RP Střední Čechy;NA;19269
Druh;CZ0213038;Kyšice - Kobyla;Triturus cristatus;1166;2022-04-21;2024-07-17;Krajský úřad Středočeského kraje;34;75;50;% lokalit v dobrém stavu;dobrý;neznámý;2025-09-08;RP Střední Čechy;NA;19269
Druh;CZ0213038;Kyšice - Kobyla;Triturus cristatus;1166;2022-04-21;2024-07-17;Krajský úřad Středočeského kraje;35;75;50;% lokalit v dobrém stavu;dobrý;neznámý;2025-09-08;RP Střední Čechy;NA;19269
Druh;CZ0213038;Kyšice - Kobyla;Triturus cristatus;1166;2022-04-21;2024-07-17;Krajský úřad Středočeského kraje;36;0;50;% lokalit v dobrém stavu;špatný;neznámý;2025-09-08;RP Střední Čechy;NA;19269
Druh;CZ0213038;Kyšice - Kobyla;Triturus cristatus;1166;2022-04-21;2024-07-17;Krajský úřad Středočeského kraje;38;100;50;% lokalit v dobrém stavu;dobrý;neznámý;2025-09-08;RP Střední Čechy;NA;19269
Druh;CZ0213038;Kyšice - Kobyla;Triturus cristatus;1166;2022-04-21;2024-07-17;Krajský úřad Středočeského kraje;130;37.5;NA;% lokalit v dobrém stavu;nehodnocen;neznámý;2025-09-08;RP Střední Čechy;NA;19269
Druh;CZ0213038;Kyšice - Kobyla;Triturus cristatus;1166;2022-04-21;2024-07-17;Krajský úřad Středočeského kraje;10;NA;NA;hodnocení dílčích parametrů;špatný;setrvalý;2025-09-08;RP Střední Čechy;NA;19269
Druh;CZ0213038;Kyšice - Kobyla;Triturus cristatus;1166;2022-04-21;2024-07-17;Krajský úřad Středočeského kraje;131;4;NA;počet dílčích lokalit;nehodnocen;neznámý;2025-09-08;RP Střední Čechy;NA;19269
Druh;CZ0214009;Libické luhy;Bombina bombina;1188;2022-05-18;2024-08-09;AOPK ČR - RP SCHKO Kokořínsko - Máchův kraj, Krajský úřad Středočeského kraje;27;33.33;50;% lokalit v dobrém stavu;špatný;neznámý;2025-09-08;RP SCHKO Kokořínsko - Máchův kraj;NA;19269
Druh;CZ0214009;Libické luhy;Bombina bombina;1188;2022-05-18;2024-08-09;AOPK ČR - RP SCHKO Kokořínsko - Máchův kraj, Krajský úřad Středočeského kraje;21;1;NA;volající samci;nehodnocen;neznámý;2025-09-08;RP SCHKO Kokořínsko - Máchův kraj;NA;19269
Druh;CZ0214009;Libické luhy;Bombina bombina;1188;2022-05-18;2024-08-09;AOPK ČR - RP SCHKO Kokořínsko - Máchův kraj, Krajský úřad Středočeského kraje;22;10;NA;volající samci;nehodnocen;neznámý;2025-09-08;RP SCHKO Kokořínsko - Máchův kraj;NA;19269
Druh;CZ0214009;Libické luhy;Bombina bombina;1188;2022-05-18;2024-08-09;AOPK ČR - RP SCHKO Kokořínsko - Máchův kraj, Krajský úřad Středočeského kraje;80;0;50;% lokalit v dobrém stavu;špatný;neznámý;2025-09-08;RP SCHKO Kokořínsko - Máchův kraj;NA;19269
Druh;CZ0214009;Libické luhy;Bombina bombina;1188;2022-05-18;2024-08-09;AOPK ČR - RP SCHKO Kokořínsko - Máchův kraj, Krajský úřad Středočeského kraje;30;NA;50;% lokalit v dobrém stavu;neznámý;neznámý;2025-09-08;RP SCHKO Kokořínsko - Máchův kraj;NA;19269
Druh;CZ0214009;Libické luhy;Bombina bombina;1188;2022-05-18;2024-08-09;AOPK ČR - RP SCHKO Kokořínsko - Máchův kraj, Krajský úřad Středočeského kraje;31;100;50;% lokalit v dobrém stavu;dobrý;neznámý;2025-09-08;RP SCHKO Kokořínsko - Máchův kraj;NA;19269
Druh;CZ0214009;Libické luhy;Bombina bombina;1188;2022-05-18;2024-08-09;AOPK ČR - RP SCHKO Kokořínsko - Máchův kraj, Krajský úřad Středočeského kraje;32;100;50;% lokalit v dobrém stavu;dobrý;neznámý;2025-09-08;RP SCHKO Kokořínsko - Máchův kraj;NA;19269
Druh;CZ0214009;Libické luhy;Bombina bombina;1188;2022-05-18;2024-08-09;AOPK ČR - RP SCHKO Kokořínsko - Máchův kraj, Krajský úřad Středočeského kraje;33;100;50;% lokalit v dobrém stavu;dobrý;neznámý;2025-09-08;RP SCHKO Kokořínsko - Máchův kraj;NA;19269
Druh;CZ0214009;Libické luhy;Bombina bombina;1188;2022-05-18;2024-08-09;AOPK ČR - RP SCHKO Kokořínsko - Máchův kraj, Krajský úřad Středočeského kraje;34;100;50;% lokalit v dobrém stavu;dobrý;neznámý;2025-09-08;RP SCHKO Kokořínsko - Máchův kraj;NA;19269
Druh;CZ0214009;Libické luhy;Bombina bombina;1188;2022-05-18;2024-08-09;AOPK ČR - RP SCHKO Kokořínsko - Máchův kraj, Krajský úřad Středočeského kraje;36;66.67;50;% lokalit v dobrém stavu;dobrý;neznámý;2025-09-08;RP SCHKO Kokořínsko - Máchův kraj;NA;19269
Druh;CZ0214009;Libické luhy;Bombina bombina;1188;2022-05-18;2024-08-09;AOPK ČR - RP SCHKO Kokořínsko - Máchův kraj, Krajský úřad Středočeského kraje;37;100;50;% lokalit v dobrém stavu;dobrý;neznámý;2025-09-08;RP SCHKO Kokořínsko - Máchův kraj;NA;19269
Druh;CZ0214009;Libické luhy;Bombina bombina;1188;2022-05-18;2024-08-09;AOPK ČR - RP SCHKO Kokořínsko - Máchův kraj, Krajský úřad Středočeského kraje;38;100;50;% lokalit v dobrém stavu;dobrý;neznámý;2025-09-08;RP SCHKO Kokořínsko - Máchův kraj;NA;19269
Druh;CZ0214009;Libické luhy;Bombina bombina;1188;2022-05-18;2024-08-09;AOPK ČR - RP SCHKO Kokořínsko - Máchův kraj, Krajský úřad Středočeského kraje;130;0;NA;% lokalit v dobrém stavu;nehodnocen;neznámý;2025-09-08;RP SCHKO Kokořínsko - Máchův kraj;NA;19269
Druh;CZ0214009;Libické luhy;Bombina bombina;1188;2022-05-18;2024-08-09;AOPK ČR - RP SCHKO Kokořínsko - Máchův kraj, Krajský úřad Středočeského kraje;131;3;NA;počet dílčích lokalit;nehodnocen;neznámý;2025-09-08;RP SCHKO Kokořínsko - Máchův kraj;NA;19269
Druh;CZ0214009;Libické luhy;Bombina bombina;1188;2022-05-18;2024-08-09;AOPK ČR - RP SCHKO Kokořínsko - Máchův kraj, Krajský úřad Středočeského kraje;10;NA;NA;hodnocení dílčích parametrů;špatný;setrvalý;2025-09-08;RP SCHKO Kokořínsko - Máchův kraj;NA;19269
Druh;CZ0213058;Lom na Plachtě;Bombina bombina;1188;2022-04-18;2024-09-21;Krajský úřad Středočeského kraje;27;100;100;% lokalit v dobrém stavu;dobrý;neznámý;2025-09-08;RP Střední Čechy;NA;19269
Druh;CZ0213058;Lom na Plachtě;Bombina bombina;1188;2022-04-18;2024-09-21;Krajský úřad Středočeského kraje;21;1;NA;volající samci;nehodnocen;neznámý;2025-09-08;RP Střední Čechy;NA;19269
Druh;CZ0213058;Lom na Plachtě;Bombina bombina;1188;2022-04-18;2024-09-21;Krajský úřad Středočeského kraje;22;10;NA;volající samci;nehodnocen;neznámý;2025-09-08;RP Střední Čechy;NA;19269
Druh;CZ0213058;Lom na Plachtě;Bombina bombina;1188;2022-04-18;2024-09-21;Krajský úřad Středočeského kraje;80;0;100;% lokalit v dobrém stavu;špatný;neznámý;2025-09-08;RP Střední Čechy;NA;19269
Druh;CZ0213058;Lom na Plachtě;Bombina bombina;1188;2022-04-18;2024-09-21;Krajský úřad Středočeského kraje;30;NA;100;% lokalit v dobrém stavu;neznámý;neznámý;2025-09-08;RP Střední Čechy;NA;19269
Druh;CZ0213058;Lom na Plachtě;Bombina bombina;1188;2022-04-18;2024-09-21;Krajský úřad Středočeského kraje;31;100;100;% lokalit v dobrém stavu;dobrý;neznámý;2025-09-08;RP Střední Čechy;NA;19269
Druh;CZ0213058;Lom na Plachtě;Bombina bombina;1188;2022-04-18;2024-09-21;Krajský úřad Středočeského kraje;32;100;100;% lokalit v dobrém stavu;dobrý;neznámý;2025-09-08;RP Střední Čechy;NA;19269
Druh;CZ0213058;Lom na Plachtě;Bombina bombina;1188;2022-04-18;2024-09-21;Krajský úřad Středočeského kraje;33;100;100;% lokalit v dobrém stavu;dobrý;neznámý;2025-09-08;RP Střední Čechy;NA;19269
Druh;CZ0213058;Lom na Plachtě;Bombina bombina;1188;2022-04-18;2024-09-21;Krajský úřad Středočeského kraje;34;100;100;% lokalit v dobrém stavu;dobrý;neznámý;2025-09-08;RP Střední Čechy;NA;19269
Druh;CZ0213058;Lom na Plachtě;Bombina bombina;1188;2022-04-18;2024-09-21;Krajský úřad Středočeského kraje;36;100;100;% lokalit v dobrém stavu;dobrý;neznámý;2025-09-08;RP Střední Čechy;NA;19269
Druh;CZ0213058;Lom na Plachtě;Bombina bombina;1188;2022-04-18;2024-09-21;Krajský úřad Středočeského kraje;37;100;100;% lokalit v dobrém stavu;dobrý;neznámý;2025-09-08;RP Střední Čechy;NA;19269
Druh;CZ0213058;Lom na Plachtě;Bombina bombina;1188;2022-04-18;2024-09-21;Krajský úřad Středočeského kraje;38;100;100;% lokalit v dobrém stavu;dobrý;neznámý;2025-09-08;RP Střední Čechy;NA;19269
Druh;CZ0213058;Lom na Plachtě;Bombina bombina;1188;2022-04-18;2024-09-21;Krajský úřad Středočeského kraje;130;0;NA;% lokalit v dobrém stavu;nehodnocen;neznámý;2025-09-08;RP Střední Čechy;NA;19269
Druh;CZ0213058;Lom na Plachtě;Bombina bombina;1188;2022-04-18;2024-09-21;Krajský úřad Středočeského kraje;131;1;NA;počet dílčích lokalit;nehodnocen;neznámý;2025-09-08;RP Střední Čechy;NA;19269
Druh;CZ0213058;Lom na Plachtě;Bombina bombina;1188;2022-04-18;2024-09-21;Krajský úřad Středočeského kraje;10;NA;NA;hodnocení dílčích parametrů;špatný;zhoršující se;2025-09-08;RP Střední Čechy;NA;19269
Druh;CZ0214006;Milovice - Mladá;Triturus cristatus;1166;2022-06-21;2024-06-25;AOPK ČR - RP SCHKO Kokořínsko - Máchův kraj, Krajský úřad Středočeského kraje;27;100;50;% lokalit v dobrém stavu;dobrý;neznámý;2025-09-08;RP SCHKO Kokořínsko - Máchův kraj;NA;19269
Druh;CZ0214006;Milovice - Mladá;Triturus cristatus;1166;2022-06-21;2024-06-25;AOPK ČR - RP SCHKO Kokořínsko - Máchův kraj, Krajský úřad Středočeského kraje;21;0;NA;adulti;nehodnocen;neznámý;2025-09-08;RP SCHKO Kokořínsko - Máchův kraj;NA;19269
Druh;CZ0214006;Milovice - Mladá;Triturus cristatus;1166;2022-06-21;2024-06-25;AOPK ČR - RP SCHKO Kokořínsko - Máchův kraj, Krajský úřad Středočeského kraje;22;0;NA;adulti;nehodnocen;neznámý;2025-09-08;RP SCHKO Kokořínsko - Máchův kraj;NA;19269
Druh;CZ0214006;Milovice - Mladá;Triturus cristatus;1166;2022-06-21;2024-06-25;AOPK ČR - RP SCHKO Kokořínsko - Máchův kraj, Krajský úřad Středočeského kraje;80;NA;50;% lokalit v dobrém stavu;neznámý;neznámý;2025-09-08;RP SCHKO Kokořínsko - Máchův kraj;NA;19269
Druh;CZ0214006;Milovice - Mladá;Triturus cristatus;1166;2022-06-21;2024-06-25;AOPK ČR - RP SCHKO Kokořínsko - Máchův kraj, Krajský úřad Středočeského kraje;30;100;50;% lokalit v dobrém stavu;dobrý;neznámý;2025-09-08;RP SCHKO Kokořínsko - Máchův kraj;NA;19269
Druh;CZ0214006;Milovice - Mladá;Triturus cristatus;1166;2022-06-21;2024-06-25;AOPK ČR - RP SCHKO Kokořínsko - Máchův kraj, Krajský úřad Středočeského kraje;31;100;50;% lokalit v dobrém stavu;dobrý;neznámý;2025-09-08;RP SCHKO Kokořínsko - Máchův kraj;NA;19269
Druh;CZ0214006;Milovice - Mladá;Triturus cristatus;1166;2022-06-21;2024-06-25;AOPK ČR - RP SCHKO Kokořínsko - Máchův kraj, Krajský úřad Středočeského kraje;32;100;50;% lokalit v dobrém stavu;dobrý;neznámý;2025-09-08;RP SCHKO Kokořínsko - Máchův kraj;NA;19269
Druh;CZ0214006;Milovice - Mladá;Triturus cristatus;1166;2022-06-21;2024-06-25;AOPK ČR - RP SCHKO Kokořínsko - Máchův kraj, Krajský úřad Středočeského kraje;33;100;50;% lokalit v dobrém stavu;dobrý;neznámý;2025-09-08;RP SCHKO Kokořínsko - Máchův kraj;NA;19269
Druh;CZ0214006;Milovice - Mladá;Triturus cristatus;1166;2022-06-21;2024-06-25;AOPK ČR - RP SCHKO Kokořínsko - Máchův kraj, Krajský úřad Středočeského kraje;34;100;50;% lokalit v dobrém stavu;dobrý;neznámý;2025-09-08;RP SCHKO Kokořínsko - Máchův kraj;NA;19269
Druh;CZ0214006;Milovice - Mladá;Triturus cristatus;1166;2022-06-21;2024-06-25;AOPK ČR - RP SCHKO Kokořínsko - Máchův kraj, Krajský úřad Středočeského kraje;35;50;50;% lokalit v dobrém stavu;dobrý;neznámý;2025-09-08;RP SCHKO Kokořínsko - Máchův kraj;NA;19269
Druh;CZ0214006;Milovice - Mladá;Triturus cristatus;1166;2022-06-21;2024-06-25;AOPK ČR - RP SCHKO Kokořínsko - Máchův kraj, Krajský úřad Středočeského kraje;36;50;50;% lokalit v dobrém stavu;dobrý;neznámý;2025-09-08;RP SCHKO Kokořínsko - Máchův kraj;NA;19269
Druh;CZ0214006;Milovice - Mladá;Triturus cristatus;1166;2022-06-21;2024-06-25;AOPK ČR - RP SCHKO Kokořínsko - Máchův kraj, Krajský úřad Středočeského kraje;38;100;50;% lokalit v dobrém stavu;dobrý;neznámý;2025-09-08;RP SCHKO Kokořínsko - Máchův kraj;NA;19269
Druh;CZ0214006;Milovice - Mladá;Triturus cristatus;1166;2022-06-21;2024-06-25;AOPK ČR - RP SCHKO Kokořínsko - Máchův kraj, Krajský úřad Středočeského kraje;130;100;NA;% lokalit v dobrém stavu;nehodnocen;neznámý;2025-09-08;RP SCHKO Kokořínsko - Máchův kraj;NA;19269
Druh;CZ0214006;Milovice - Mladá;Triturus cristatus;1166;2022-06-21;2024-06-25;AOPK ČR - RP SCHKO Kokořínsko - Máchův kraj, Krajský úřad Středočeského kraje;10;NA;NA;hodnocení dílčích parametrů;dobrý;neznámý;2025-09-08;RP SCHKO Kokořínsko - Máchův kraj;NA;19269
Druh;CZ0214006;Milovice - Mladá;Triturus cristatus;1166;2022-06-21;2024-06-25;AOPK ČR - RP SCHKO Kokořínsko - Máchův kraj, Krajský úřad Středočeského kraje;131;2;NA;počet dílčích lokalit;nehodnocen;neznámý;2025-09-08;RP SCHKO Kokořínsko - Máchův kraj;NA;19269
Druh;CZ0213047;Minartice;Bombina bombina;1188;2022-04-17;2024-06-25;Krajský úřad Středočeského kraje;27;100;100;% lokalit v dobrém stavu;dobrý;neznámý;2025-09-08;RP Střední Čechy;NA;19269
Druh;CZ0213047;Minartice;Bombina bombina;1188;2022-04-17;2024-06-25;Krajský úřad Středočeského kraje;21;11;NA;volající samci;nehodnocen;neznámý;2025-09-08;RP Střední Čechy;NA;19269
Druh;CZ0213047;Minartice;Bombina bombina;1188;2022-04-17;2024-06-25;Krajský úřad Středočeského kraje;22;50;NA;volající samci;nehodnocen;neznámý;2025-09-08;RP Střední Čechy;NA;19269
Druh;CZ0213047;Minartice;Bombina bombina;1188;2022-04-17;2024-06-25;Krajský úřad Středočeského kraje;80;100;100;% lokalit v dobrém stavu;dobrý;neznámý;2025-09-08;RP Střední Čechy;NA;19269
Druh;CZ0213047;Minartice;Bombina bombina;1188;2022-04-17;2024-06-25;Krajský úřad Středočeského kraje;30;NA;100;% lokalit v dobrém stavu;neznámý;neznámý;2025-09-08;RP Střední Čechy;NA;19269
Druh;CZ0213047;Minartice;Bombina bombina;1188;2022-04-17;2024-06-25;Krajský úřad Středočeského kraje;31;100;100;% lokalit v dobrém stavu;dobrý;neznámý;2025-09-08;RP Střední Čechy;NA;19269
Druh;CZ0213047;Minartice;Bombina bombina;1188;2022-04-17;2024-06-25;Krajský úřad Středočeského kraje;32;0;100;% lokalit v dobrém stavu;špatný;neznámý;2025-09-08;RP Střední Čechy;NA;19269
Druh;CZ0213047;Minartice;Bombina bombina;1188;2022-04-17;2024-06-25;Krajský úřad Středočeského kraje;33;100;100;% lokalit v dobrém stavu;dobrý;neznámý;2025-09-08;RP Střední Čechy;NA;19269
Druh;CZ0213047;Minartice;Bombina bombina;1188;2022-04-17;2024-06-25;Krajský úřad Středočeského kraje;34;100;100;% lokalit v dobrém stavu;dobrý;neznámý;2025-09-08;RP Střední Čechy;NA;19269
Druh;CZ0213047;Minartice;Bombina bombina;1188;2022-04-17;2024-06-25;Krajský úřad Středočeského kraje;36;100;100;% lokalit v dobrém stavu;dobrý;neznámý;2025-09-08;RP Střední Čechy;NA;19269
Druh;CZ0213047;Minartice;Bombina bombina;1188;2022-04-17;2024-06-25;Krajský úřad Středočeského kraje;37;100;100;% lokalit v dobrém stavu;dobrý;neznámý;2025-09-08;RP Střední Čechy;NA;19269
Druh;CZ0213047;Minartice;Bombina bombina;1188;2022-04-17;2024-06-25;Krajský úřad Středočeského kraje;38;100;100;% lokalit v dobrém stavu;dobrý;neznámý;2025-09-08;RP Střední Čechy;NA;19269
Druh;CZ0213047;Minartice;Bombina bombina;1188;2022-04-17;2024-06-25;Krajský úřad Středočeského kraje;130;100;NA;% lokalit v dobrém stavu;nehodnocen;neznámý;2025-09-08;RP Střední Čechy;NA;19269
Druh;CZ0213047;Minartice;Bombina bombina;1188;2022-04-17;2024-06-25;Krajský úřad Středočeského kraje;131;1;NA;počet dílčích lokalit;nehodnocen;neznámý;2025-09-08;RP Střední Čechy;NA;19269
Druh;CZ0213047;Minartice;Bombina bombina;1188;2022-04-17;2024-06-25;Krajský úřad Středočeského kraje;10;NA;NA;hodnocení dílčích parametrů;dobrý;setrvalý;2025-09-08;RP Střední Čechy;NA;19269
Druh;CZ0213001;Nový rybník u Kačiny;Bombina bombina;1188;2022-05-08;2024-05-01;Krajský úřad Středočeského kraje;27;100;100;% lokalit v dobrém stavu;dobrý;neznámý;2025-09-08;RP Střední Čechy;NA;19269
Druh;CZ0213001;Nový rybník u Kačiny;Bombina bombina;1188;2022-05-08;2024-05-01;Krajský úřad Středočeského kraje;21;51;NA;volající samci;nehodnocen;neznámý;2025-09-08;RP Střední Čechy;NA;19269
Druh;CZ0213001;Nový rybník u Kačiny;Bombina bombina;1188;2022-05-08;2024-05-01;Krajský úřad Středočeského kraje;22;100;NA;volající samci;nehodnocen;neznámý;2025-09-08;RP Střední Čechy;NA;19269
Druh;CZ0213001;Nový rybník u Kačiny;Bombina bombina;1188;2022-05-08;2024-05-01;Krajský úřad Středočeského kraje;80;100;100;% lokalit v dobrém stavu;dobrý;neznámý;2025-09-08;RP Střední Čechy;NA;19269
Druh;CZ0213001;Nový rybník u Kačiny;Bombina bombina;1188;2022-05-08;2024-05-01;Krajský úřad Středočeského kraje;30;NA;100;% lokalit v dobrém stavu;neznámý;neznámý;2025-09-08;RP Střední Čechy;NA;19269
Druh;CZ0213001;Nový rybník u Kačiny;Bombina bombina;1188;2022-05-08;2024-05-01;Krajský úřad Středočeského kraje;31;100;100;% lokalit v dobrém stavu;dobrý;neznámý;2025-09-08;RP Střední Čechy;NA;19269
Druh;CZ0213001;Nový rybník u Kačiny;Bombina bombina;1188;2022-05-08;2024-05-01;Krajský úřad Středočeského kraje;32;100;100;% lokalit v dobrém stavu;dobrý;neznámý;2025-09-08;RP Střední Čechy;NA;19269
Druh;CZ0213001;Nový rybník u Kačiny;Bombina bombina;1188;2022-05-08;2024-05-01;Krajský úřad Středočeského kraje;33;100;100;% lokalit v dobrém stavu;dobrý;neznámý;2025-09-08;RP Střední Čechy;NA;19269
Druh;CZ0213001;Nový rybník u Kačiny;Bombina bombina;1188;2022-05-08;2024-05-01;Krajský úřad Středočeského kraje;34;100;100;% lokalit v dobrém stavu;dobrý;neznámý;2025-09-08;RP Střední Čechy;NA;19269
Druh;CZ0213001;Nový rybník u Kačiny;Bombina bombina;1188;2022-05-08;2024-05-01;Krajský úřad Středočeského kraje;36;100;100;% lokalit v dobrém stavu;dobrý;neznámý;2025-09-08;RP Střední Čechy;NA;19269
Druh;CZ0213001;Nový rybník u Kačiny;Bombina bombina;1188;2022-05-08;2024-05-01;Krajský úřad Středočeského kraje;37;100;100;% lokalit v dobrém stavu;dobrý;neznámý;2025-09-08;RP Střední Čechy;NA;19269
Druh;CZ0213001;Nový rybník u Kačiny;Bombina bombina;1188;2022-05-08;2024-05-01;Krajský úřad Středočeského kraje;38;100;100;% lokalit v dobrém stavu;dobrý;neznámý;2025-09-08;RP Střední Čechy;NA;19269
Druh;CZ0213001;Nový rybník u Kačiny;Bombina bombina;1188;2022-05-08;2024-05-01;Krajský úřad Středočeského kraje;130;100;NA;% lokalit v dobrém stavu;nehodnocen;neznámý;2025-09-08;RP Střední Čechy;NA;19269
Druh;CZ0213001;Nový rybník u Kačiny;Bombina bombina;1188;2022-05-08;2024-05-01;Krajský úřad Středočeského kraje;131;1;NA;počet dílčích lokalit;nehodnocen;neznámý;2025-09-08;RP Střední Čechy;NA;19269
Druh;CZ0213001;Nový rybník u Kačiny;Bombina bombina;1188;2022-05-08;2024-05-01;Krajský úřad Středočeského kraje;10;NA;NA;hodnocení dílčích parametrů;dobrý;setrvalý;2025-09-08;RP Střední Čechy;NA;19269
Druh;CZ0213064;Rožmitál pod Třemšínem;Triturus cristatus;1166;2022-05-07;2024-06-24;Krajský úřad Středočeského kraje;27;100;50;% lokalit v dobrém stavu;dobrý;neznámý;2025-09-08;RP Střední Čechy;NA;19269
Druh;CZ0213064;Rožmitál pod Třemšínem;Triturus cristatus;1166;2022-05-07;2024-06-24;Krajský úřad Středočeského kraje;21;24;NA;adulti;nehodnocen;neznámý;2025-09-08;RP Střední Čechy;NA;19269
Druh;CZ0213064;Rožmitál pod Třemšínem;Triturus cristatus;1166;2022-05-07;2024-06-24;Krajský úřad Středočeského kraje;22;120;NA;adulti;nehodnocen;neznámý;2025-09-08;RP Střední Čechy;NA;19269
Druh;CZ0213064;Rožmitál pod Třemšínem;Triturus cristatus;1166;2022-05-07;2024-06-24;Krajský úřad Středočeského kraje;80;100;50;% lokalit v dobrém stavu;dobrý;neznámý;2025-09-08;RP Střední Čechy;NA;19269
Druh;CZ0213064;Rožmitál pod Třemšínem;Triturus cristatus;1166;2022-05-07;2024-06-24;Krajský úřad Středočeského kraje;30;50;50;% lokalit v dobrém stavu;dobrý;neznámý;2025-09-08;RP Střední Čechy;NA;19269
Druh;CZ0213064;Rožmitál pod Třemšínem;Triturus cristatus;1166;2022-05-07;2024-06-24;Krajský úřad Středočeského kraje;31;100;50;% lokalit v dobrém stavu;dobrý;neznámý;2025-09-08;RP Střední Čechy;NA;19269
Druh;CZ0213064;Rožmitál pod Třemšínem;Triturus cristatus;1166;2022-05-07;2024-06-24;Krajský úřad Středočeského kraje;32;75;50;% lokalit v dobrém stavu;dobrý;neznámý;2025-09-08;RP Střední Čechy;NA;19269
Druh;CZ0213064;Rožmitál pod Třemšínem;Triturus cristatus;1166;2022-05-07;2024-06-24;Krajský úřad Středočeského kraje;33;100;50;% lokalit v dobrém stavu;dobrý;neznámý;2025-09-08;RP Střední Čechy;NA;19269
Druh;CZ0213064;Rožmitál pod Třemšínem;Triturus cristatus;1166;2022-05-07;2024-06-24;Krajský úřad Středočeského kraje;34;100;50;% lokalit v dobrém stavu;dobrý;neznámý;2025-09-08;RP Střední Čechy;NA;19269
Druh;CZ0213064;Rožmitál pod Třemšínem;Triturus cristatus;1166;2022-05-07;2024-06-24;Krajský úřad Středočeského kraje;35;75;50;% lokalit v dobrém stavu;dobrý;neznámý;2025-09-08;RP Střední Čechy;NA;19269
Druh;CZ0213064;Rožmitál pod Třemšínem;Triturus cristatus;1166;2022-05-07;2024-06-24;Krajský úřad Středočeského kraje;36;100;50;% lokalit v dobrém stavu;dobrý;neznámý;2025-09-08;RP Střední Čechy;NA;19269
Druh;CZ0213064;Rožmitál pod Třemšínem;Triturus cristatus;1166;2022-05-07;2024-06-24;Krajský úřad Středočeského kraje;38;100;50;% lokalit v dobrém stavu;dobrý;neznámý;2025-09-08;RP Střední Čechy;NA;19269
Druh;CZ0213064;Rožmitál pod Třemšínem;Triturus cristatus;1166;2022-05-07;2024-06-24;Krajský úřad Středočeského kraje;130;87.5;NA;% lokalit v dobrém stavu;nehodnocen;neznámý;2025-09-08;RP Střední Čechy;NA;19269
Druh;CZ0213064;Rožmitál pod Třemšínem;Triturus cristatus;1166;2022-05-07;2024-06-24;Krajský úřad Středočeského kraje;10;NA;NA;hodnocení dílčích parametrů;dobrý;zlepšující se;2025-09-08;RP Střední Čechy;NA;19269
Druh;CZ0213064;Rožmitál pod Třemšínem;Triturus cristatus;1166;2022-05-07;2024-06-24;Krajský úřad Středočeského kraje;131;4;NA;počet dílčích lokalit;nehodnocen;neznámý;2025-09-08;RP Střední Čechy;NA;19269
Druh;CZ0213004;Rybník Starý u Líchov;Bombina bombina;1188;2022-05-04;2024-07-05;Krajský úřad Středočeského kraje;27;100;100;% lokalit v dobrém stavu;dobrý;neznámý;2025-09-08;RP Střední Čechy;NA;19269
Druh;CZ0213004;Rybník Starý u Líchov;Bombina bombina;1188;2022-05-04;2024-07-05;Krajský úřad Středočeského kraje;21;51;NA;volající samci;nehodnocen;neznámý;2025-09-08;RP Střední Čechy;NA;19269
Druh;CZ0213004;Rybník Starý u Líchov;Bombina bombina;1188;2022-05-04;2024-07-05;Krajský úřad Středočeského kraje;22;100;NA;volající samci;nehodnocen;neznámý;2025-09-08;RP Střední Čechy;NA;19269
Druh;CZ0213004;Rybník Starý u Líchov;Bombina bombina;1188;2022-05-04;2024-07-05;Krajský úřad Středočeského kraje;80;100;100;% lokalit v dobrém stavu;dobrý;neznámý;2025-09-08;RP Střední Čechy;NA;19269
Druh;CZ0213004;Rybník Starý u Líchov;Bombina bombina;1188;2022-05-04;2024-07-05;Krajský úřad Středočeského kraje;30;NA;100;% lokalit v dobrém stavu;neznámý;neznámý;2025-09-08;RP Střední Čechy;NA;19269
Druh;CZ0213004;Rybník Starý u Líchov;Bombina bombina;1188;2022-05-04;2024-07-05;Krajský úřad Středočeského kraje;31;100;100;% lokalit v dobrém stavu;dobrý;neznámý;2025-09-08;RP Střední Čechy;NA;19269
Druh;CZ0213004;Rybník Starý u Líchov;Bombina bombina;1188;2022-05-04;2024-07-05;Krajský úřad Středočeského kraje;32;100;100;% lokalit v dobrém stavu;dobrý;neznámý;2025-09-08;RP Střední Čechy;NA;19269
Druh;CZ0213004;Rybník Starý u Líchov;Bombina bombina;1188;2022-05-04;2024-07-05;Krajský úřad Středočeského kraje;33;100;100;% lokalit v dobrém stavu;dobrý;neznámý;2025-09-08;RP Střední Čechy;NA;19269
Druh;CZ0213004;Rybník Starý u Líchov;Bombina bombina;1188;2022-05-04;2024-07-05;Krajský úřad Středočeského kraje;34;100;100;% lokalit v dobrém stavu;dobrý;neznámý;2025-09-08;RP Střední Čechy;NA;19269
Druh;CZ0213004;Rybník Starý u Líchov;Bombina bombina;1188;2022-05-04;2024-07-05;Krajský úřad Středočeského kraje;36;100;100;% lokalit v dobrém stavu;dobrý;neznámý;2025-09-08;RP Střední Čechy;NA;19269
Druh;CZ0213004;Rybník Starý u Líchov;Bombina bombina;1188;2022-05-04;2024-07-05;Krajský úřad Středočeského kraje;37;100;100;% lokalit v dobrém stavu;dobrý;neznámý;2025-09-08;RP Střední Čechy;NA;19269
Druh;CZ0213004;Rybník Starý u Líchov;Bombina bombina;1188;2022-05-04;2024-07-05;Krajský úřad Středočeského kraje;38;100;100;% lokalit v dobrém stavu;dobrý;neznámý;2025-09-08;RP Střední Čechy;NA;19269
Druh;CZ0213004;Rybník Starý u Líchov;Bombina bombina;1188;2022-05-04;2024-07-05;Krajský úřad Středočeského kraje;130;100;NA;% lokalit v dobrém stavu;nehodnocen;neznámý;2025-09-08;RP Střední Čechy;NA;19269
Druh;CZ0213004;Rybník Starý u Líchov;Bombina bombina;1188;2022-05-04;2024-07-05;Krajský úřad Středočeského kraje;131;1;NA;počet dílčích lokalit;nehodnocen;neznámý;2025-09-08;RP Střední Čechy;NA;19269
Druh;CZ0213004;Rybník Starý u Líchov;Bombina bombina;1188;2022-05-04;2024-07-05;Krajský úřad Středočeského kraje;10;NA;NA;hodnocení dílčích parametrů;dobrý;setrvalý;2025-09-08;RP Střední Čechy;NA;19269
Druh;CZ0213066;Rybník Vočert a Lazy;Bombina bombina;1188;2022-05-01;2024-06-24;Krajský úřad Středočeského kraje;27;100;50;% lokalit v dobrém stavu;dobrý;neznámý;2025-09-08;RP Střední Čechy;NA;19269
Druh;CZ0213066;Rybník Vočert a Lazy;Bombina bombina;1188;2022-05-01;2024-06-24;Krajský úřad Středočeského kraje;21;63;NA;volající samci;nehodnocen;neznámý;2025-09-08;RP Střední Čechy;NA;19269
Druh;CZ0213066;Rybník Vočert a Lazy;Bombina bombina;1188;2022-05-01;2024-06-24;Krajský úřad Středočeského kraje;22;160;NA;volající samci;nehodnocen;neznámý;2025-09-08;RP Střední Čechy;NA;19269
Druh;CZ0213066;Rybník Vočert a Lazy;Bombina bombina;1188;2022-05-01;2024-06-24;Krajský úřad Středočeského kraje;80;100;50;% lokalit v dobrém stavu;dobrý;neznámý;2025-09-08;RP Střední Čechy;NA;19269
Druh;CZ0213066;Rybník Vočert a Lazy;Bombina bombina;1188;2022-05-01;2024-06-24;Krajský úřad Středočeského kraje;30;NA;50;% lokalit v dobrém stavu;neznámý;neznámý;2025-09-08;RP Střední Čechy;NA;19269
Druh;CZ0213066;Rybník Vočert a Lazy;Bombina bombina;1188;2022-05-01;2024-06-24;Krajský úřad Středočeského kraje;31;100;50;% lokalit v dobrém stavu;dobrý;neznámý;2025-09-08;RP Střední Čechy;NA;19269
Druh;CZ0213066;Rybník Vočert a Lazy;Bombina bombina;1188;2022-05-01;2024-06-24;Krajský úřad Středočeského kraje;32;33.33;50;% lokalit v dobrém stavu;špatný;neznámý;2025-09-08;RP Střední Čechy;NA;19269
Druh;CZ0213066;Rybník Vočert a Lazy;Bombina bombina;1188;2022-05-01;2024-06-24;Krajský úřad Středočeského kraje;33;100;50;% lokalit v dobrém stavu;dobrý;neznámý;2025-09-08;RP Střední Čechy;NA;19269
Druh;CZ0213066;Rybník Vočert a Lazy;Bombina bombina;1188;2022-05-01;2024-06-24;Krajský úřad Středočeského kraje;34;100;50;% lokalit v dobrém stavu;dobrý;neznámý;2025-09-08;RP Střední Čechy;NA;19269
Druh;CZ0213066;Rybník Vočert a Lazy;Bombina bombina;1188;2022-05-01;2024-06-24;Krajský úřad Středočeského kraje;36;66.67;50;% lokalit v dobrém stavu;dobrý;neznámý;2025-09-08;RP Střední Čechy;NA;19269
Druh;CZ0213066;Rybník Vočert a Lazy;Bombina bombina;1188;2022-05-01;2024-06-24;Krajský úřad Středočeského kraje;37;100;50;% lokalit v dobrém stavu;dobrý;neznámý;2025-09-08;RP Střední Čechy;NA;19269
Druh;CZ0213066;Rybník Vočert a Lazy;Bombina bombina;1188;2022-05-01;2024-06-24;Krajský úřad Středočeského kraje;38;100;50;% lokalit v dobrém stavu;dobrý;neznámý;2025-09-08;RP Střední Čechy;NA;19269
Druh;CZ0213066;Rybník Vočert a Lazy;Bombina bombina;1188;2022-05-01;2024-06-24;Krajský úřad Středočeského kraje;130;100;NA;% lokalit v dobrém stavu;nehodnocen;neznámý;2025-09-08;RP Střední Čechy;NA;19269
Druh;CZ0213066;Rybník Vočert a Lazy;Bombina bombina;1188;2022-05-01;2024-06-24;Krajský úřad Středočeského kraje;131;3;NA;počet dílčích lokalit;nehodnocen;neznámý;2025-09-08;RP Střední Čechy;NA;19269
Druh;CZ0213066;Rybník Vočert a Lazy;Bombina bombina;1188;2022-05-01;2024-06-24;Krajský úřad Středočeského kraje;10;NA;NA;hodnocení dílčích parametrů;dobrý;setrvalý;2025-09-08;RP Střední Čechy;NA;19269
Druh;CZ0213071;Slavkov;Bombina bombina;1188;2022-05-19;2024-10-19;Krajský úřad Středočeského kraje;27;100;100;% lokalit v dobrém stavu;dobrý;neznámý;2025-09-08;RP Střední Čechy;NA;19269
Druh;CZ0213071;Slavkov;Bombina bombina;1188;2022-05-19;2024-10-19;Krajský úřad Středočeského kraje;21;51;NA;volající samci;nehodnocen;neznámý;2025-09-08;RP Střední Čechy;NA;19269
Druh;CZ0213071;Slavkov;Bombina bombina;1188;2022-05-19;2024-10-19;Krajský úřad Středočeského kraje;22;100;NA;volající samci;nehodnocen;neznámý;2025-09-08;RP Střední Čechy;NA;19269
Druh;CZ0213071;Slavkov;Bombina bombina;1188;2022-05-19;2024-10-19;Krajský úřad Středočeského kraje;80;100;100;% lokalit v dobrém stavu;dobrý;neznámý;2025-09-08;RP Střední Čechy;NA;19269
Druh;CZ0213071;Slavkov;Bombina bombina;1188;2022-05-19;2024-10-19;Krajský úřad Středočeského kraje;30;NA;100;% lokalit v dobrém stavu;neznámý;neznámý;2025-09-08;RP Střední Čechy;NA;19269
Druh;CZ0213071;Slavkov;Bombina bombina;1188;2022-05-19;2024-10-19;Krajský úřad Středočeského kraje;31;100;100;% lokalit v dobrém stavu;dobrý;neznámý;2025-09-08;RP Střední Čechy;NA;19269
Druh;CZ0213071;Slavkov;Bombina bombina;1188;2022-05-19;2024-10-19;Krajský úřad Středočeského kraje;32;100;100;% lokalit v dobrém stavu;dobrý;neznámý;2025-09-08;RP Střední Čechy;NA;19269
Druh;CZ0213071;Slavkov;Bombina bombina;1188;2022-05-19;2024-10-19;Krajský úřad Středočeského kraje;33;100;100;% lokalit v dobrém stavu;dobrý;neznámý;2025-09-08;RP Střední Čechy;NA;19269
Druh;CZ0213071;Slavkov;Bombina bombina;1188;2022-05-19;2024-10-19;Krajský úřad Středočeského kraje;34;100;100;% lokalit v dobrém stavu;dobrý;neznámý;2025-09-08;RP Střední Čechy;NA;19269
Druh;CZ0213071;Slavkov;Bombina bombina;1188;2022-05-19;2024-10-19;Krajský úřad Středočeského kraje;36;100;100;% lokalit v dobrém stavu;dobrý;neznámý;2025-09-08;RP Střední Čechy;NA;19269
Druh;CZ0213071;Slavkov;Bombina bombina;1188;2022-05-19;2024-10-19;Krajský úřad Středočeského kraje;37;100;100;% lokalit v dobrém stavu;dobrý;neznámý;2025-09-08;RP Střední Čechy;NA;19269
Druh;CZ0213071;Slavkov;Bombina bombina;1188;2022-05-19;2024-10-19;Krajský úřad Středočeského kraje;38;100;100;% lokalit v dobrém stavu;dobrý;neznámý;2025-09-08;RP Střední Čechy;NA;19269
Druh;CZ0213071;Slavkov;Bombina bombina;1188;2022-05-19;2024-10-19;Krajský úřad Středočeského kraje;130;100;NA;% lokalit v dobrém stavu;nehodnocen;neznámý;2025-09-08;RP Střední Čechy;NA;19269
Druh;CZ0213071;Slavkov;Bombina bombina;1188;2022-05-19;2024-10-19;Krajský úřad Středočeského kraje;131;1;NA;počet dílčích lokalit;nehodnocen;neznámý;2025-09-08;RP Střední Čechy;NA;19269
Druh;CZ0213071;Slavkov;Bombina bombina;1188;2022-05-19;2024-10-19;Krajský úřad Středočeského kraje;10;NA;NA;hodnocení dílčích parametrů;dobrý;neznámý;2025-09-08;RP Střední Čechy;NA;19269
Druh;CZ0213077;Suchdolský rybník;Triturus cristatus;1166;2022-05-14;2024-06-17;Krajský úřad Středočeského kraje;27;100;100;% lokalit v dobrém stavu;dobrý;neznámý;2025-09-08;RP Střední Čechy;NA;19269
Druh;CZ0213077;Suchdolský rybník;Triturus cristatus;1166;2022-05-14;2024-06-17;Krajský úřad Středočeského kraje;21;11;NA;adulti;nehodnocen;neznámý;2025-09-08;RP Střední Čechy;NA;19269
Druh;CZ0213077;Suchdolský rybník;Triturus cristatus;1166;2022-05-14;2024-06-17;Krajský úřad Středočeského kraje;22;50;NA;adulti;nehodnocen;neznámý;2025-09-08;RP Střední Čechy;NA;19269
Druh;CZ0213077;Suchdolský rybník;Triturus cristatus;1166;2022-05-14;2024-06-17;Krajský úřad Středočeského kraje;80;100;100;% lokalit v dobrém stavu;dobrý;neznámý;2025-09-08;RP Střední Čechy;NA;19269
Druh;CZ0213077;Suchdolský rybník;Triturus cristatus;1166;2022-05-14;2024-06-17;Krajský úřad Středočeského kraje;30;100;100;% lokalit v dobrém stavu;dobrý;neznámý;2025-09-08;RP Střední Čechy;NA;19269
Druh;CZ0213077;Suchdolský rybník;Triturus cristatus;1166;2022-05-14;2024-06-17;Krajský úřad Středočeského kraje;31;100;100;% lokalit v dobrém stavu;dobrý;neznámý;2025-09-08;RP Střední Čechy;NA;19269
Druh;CZ0213077;Suchdolský rybník;Triturus cristatus;1166;2022-05-14;2024-06-17;Krajský úřad Středočeského kraje;32;100;100;% lokalit v dobrém stavu;dobrý;neznámý;2025-09-08;RP Střední Čechy;NA;19269
Druh;CZ0213077;Suchdolský rybník;Triturus cristatus;1166;2022-05-14;2024-06-17;Krajský úřad Středočeského kraje;33;0;100;% lokalit v dobrém stavu;špatný;neznámý;2025-09-08;RP Střední Čechy;NA;19269
Druh;CZ0213077;Suchdolský rybník;Triturus cristatus;1166;2022-05-14;2024-06-17;Krajský úřad Středočeského kraje;34;100;100;% lokalit v dobrém stavu;dobrý;neznámý;2025-09-08;RP Střední Čechy;NA;19269
Druh;CZ0213077;Suchdolský rybník;Triturus cristatus;1166;2022-05-14;2024-06-17;Krajský úřad Středočeského kraje;35;0;100;% lokalit v dobrém stavu;špatný;neznámý;2025-09-08;RP Střední Čechy;NA;19269
Druh;CZ0213077;Suchdolský rybník;Triturus cristatus;1166;2022-05-14;2024-06-17;Krajský úřad Středočeského kraje;36;100;100;% lokalit v dobrém stavu;dobrý;neznámý;2025-09-08;RP Střední Čechy;NA;19269
Druh;CZ0213077;Suchdolský rybník;Triturus cristatus;1166;2022-05-14;2024-06-17;Krajský úřad Středočeského kraje;38;100;100;% lokalit v dobrém stavu;dobrý;neznámý;2025-09-08;RP Střední Čechy;NA;19269
Druh;CZ0213077;Suchdolský rybník;Triturus cristatus;1166;2022-05-14;2024-06-17;Krajský úřad Středočeského kraje;130;50;NA;% lokalit v dobrém stavu;nehodnocen;neznámý;2025-09-08;RP Střední Čechy;NA;19269
Druh;CZ0213077;Suchdolský rybník;Triturus cristatus;1166;2022-05-14;2024-06-17;Krajský úřad Středočeského kraje;10;NA;NA;hodnocení dílčích parametrů;zhoršený;zhoršující se;2025-09-08;RP Střední Čechy;NA;19269
Druh;CZ0213077;Suchdolský rybník;Triturus cristatus;1166;2022-05-14;2024-06-17;Krajský úřad Středočeského kraje;131;1;NA;počet dílčích lokalit;nehodnocen;neznámý;2025-09-08;RP Střední Čechy;NA;19269
Druh;CZ0213005;Šáchovec;Bombina bombina;1188;2022-05-19;2024-09-21;Krajský úřad Středočeského kraje;27;100;100;% lokalit v dobrém stavu;dobrý;neznámý;2025-09-08;RP Střední Čechy;NA;19269
Druh;CZ0213005;Šáchovec;Bombina bombina;1188;2022-05-19;2024-09-21;Krajský úřad Středočeského kraje;21;1;NA;volající samci;nehodnocen;neznámý;2025-09-08;RP Střední Čechy;NA;19269
Druh;CZ0213005;Šáchovec;Bombina bombina;1188;2022-05-19;2024-09-21;Krajský úřad Středočeského kraje;22;10;NA;volající samci;nehodnocen;neznámý;2025-09-08;RP Střední Čechy;NA;19269
Druh;CZ0213005;Šáchovec;Bombina bombina;1188;2022-05-19;2024-09-21;Krajský úřad Středočeského kraje;80;100;100;% lokalit v dobrém stavu;dobrý;neznámý;2025-09-08;RP Střední Čechy;NA;19269
Druh;CZ0213005;Šáchovec;Bombina bombina;1188;2022-05-19;2024-09-21;Krajský úřad Středočeského kraje;30;NA;100;% lokalit v dobrém stavu;neznámý;neznámý;2025-09-08;RP Střední Čechy;NA;19269
Druh;CZ0213005;Šáchovec;Bombina bombina;1188;2022-05-19;2024-09-21;Krajský úřad Středočeského kraje;31;100;100;% lokalit v dobrém stavu;dobrý;neznámý;2025-09-08;RP Střední Čechy;NA;19269
Druh;CZ0213005;Šáchovec;Bombina bombina;1188;2022-05-19;2024-09-21;Krajský úřad Středočeského kraje;32;0;100;% lokalit v dobrém stavu;špatný;neznámý;2025-09-08;RP Střední Čechy;NA;19269
Druh;CZ0213005;Šáchovec;Bombina bombina;1188;2022-05-19;2024-09-21;Krajský úřad Středočeského kraje;33;100;100;% lokalit v dobrém stavu;dobrý;neznámý;2025-09-08;RP Střední Čechy;NA;19269
Druh;CZ0213005;Šáchovec;Bombina bombina;1188;2022-05-19;2024-09-21;Krajský úřad Středočeského kraje;34;100;100;% lokalit v dobrém stavu;dobrý;neznámý;2025-09-08;RP Střední Čechy;NA;19269
Druh;CZ0213005;Šáchovec;Bombina bombina;1188;2022-05-19;2024-09-21;Krajský úřad Středočeského kraje;36;100;100;% lokalit v dobrém stavu;dobrý;neznámý;2025-09-08;RP Střední Čechy;NA;19269
Druh;CZ0213005;Šáchovec;Bombina bombina;1188;2022-05-19;2024-09-21;Krajský úřad Středočeského kraje;37;100;100;% lokalit v dobrém stavu;dobrý;neznámý;2025-09-08;RP Střední Čechy;NA;19269
Druh;CZ0213005;Šáchovec;Bombina bombina;1188;2022-05-19;2024-09-21;Krajský úřad Středočeského kraje;38;100;100;% lokalit v dobrém stavu;dobrý;neznámý;2025-09-08;RP Střední Čechy;NA;19269
Druh;CZ0213005;Šáchovec;Bombina bombina;1188;2022-05-19;2024-09-21;Krajský úřad Středočeského kraje;130;100;NA;% lokalit v dobrém stavu;nehodnocen;neznámý;2025-09-08;RP Střední Čechy;NA;19269
Druh;CZ0213005;Šáchovec;Bombina bombina;1188;2022-05-19;2024-09-21;Krajský úřad Středočeského kraje;131;1;NA;počet dílčích lokalit;nehodnocen;neznámý;2025-09-08;RP Střední Čechy;NA;19269
Druh;CZ0213005;Šáchovec;Bombina bombina;1188;2022-05-19;2024-09-21;Krajský úřad Středočeského kraje;10;NA;NA;hodnocení dílčích parametrů;dobrý;zlepšující se;2025-09-08;RP Střední Čechy;NA;19269
Druh;CZ0213061;Týnecké mokřiny;Bombina bombina;1188;2022-05-15;2024-07-12;Krajský úřad Středočeského kraje;27;66.67;30;% lokalit v dobrém stavu;dobrý;neznámý;2025-09-08;RP Střední Čechy;NA;19269
Druh;CZ0213061;Týnecké mokřiny;Bombina bombina;1188;2022-05-15;2024-07-12;Krajský úřad Středočeského kraje;21;238;NA;volající samci;nehodnocen;neznámý;2025-09-08;RP Střední Čechy;NA;19269
Druh;CZ0213061;Týnecké mokřiny;Bombina bombina;1188;2022-05-15;2024-07-12;Krajský úřad Středočeského kraje;22;560;NA;volající samci;nehodnocen;neznámý;2025-09-08;RP Střední Čechy;NA;19269
Druh;CZ0213061;Týnecké mokřiny;Bombina bombina;1188;2022-05-15;2024-07-12;Krajský úřad Středočeského kraje;80;88.89;30;% lokalit v dobrém stavu;dobrý;neznámý;2025-09-08;RP Střední Čechy;NA;19269
Druh;CZ0213061;Týnecké mokřiny;Bombina bombina;1188;2022-05-15;2024-07-12;Krajský úřad Středočeského kraje;30;NA;30;% lokalit v dobrém stavu;neznámý;neznámý;2025-09-08;RP Střední Čechy;NA;19269
Druh;CZ0213061;Týnecké mokřiny;Bombina bombina;1188;2022-05-15;2024-07-12;Krajský úřad Středočeského kraje;31;100;30;% lokalit v dobrém stavu;dobrý;neznámý;2025-09-08;RP Střední Čechy;NA;19269
Druh;CZ0213061;Týnecké mokřiny;Bombina bombina;1188;2022-05-15;2024-07-12;Krajský úřad Středočeského kraje;32;100;30;% lokalit v dobrém stavu;dobrý;neznámý;2025-09-08;RP Střední Čechy;NA;19269
Druh;CZ0213061;Týnecké mokřiny;Bombina bombina;1188;2022-05-15;2024-07-12;Krajský úřad Středočeského kraje;33;100;30;% lokalit v dobrém stavu;dobrý;neznámý;2025-09-08;RP Střední Čechy;NA;19269
Druh;CZ0213061;Týnecké mokřiny;Bombina bombina;1188;2022-05-15;2024-07-12;Krajský úřad Středočeského kraje;34;91.67;30;% lokalit v dobrém stavu;dobrý;neznámý;2025-09-08;RP Střední Čechy;NA;19269
Druh;CZ0213061;Týnecké mokřiny;Bombina bombina;1188;2022-05-15;2024-07-12;Krajský úřad Středočeského kraje;36;41.67;30;% lokalit v dobrém stavu;dobrý;neznámý;2025-09-08;RP Střední Čechy;NA;19269
Druh;CZ0213061;Týnecké mokřiny;Bombina bombina;1188;2022-05-15;2024-07-12;Krajský úřad Středočeského kraje;37;41.67;30;% lokalit v dobrém stavu;dobrý;neznámý;2025-09-08;RP Střední Čechy;NA;19269
Druh;CZ0213061;Týnecké mokřiny;Bombina bombina;1188;2022-05-15;2024-07-12;Krajský úřad Středočeského kraje;38;100;30;% lokalit v dobrém stavu;dobrý;neznámý;2025-09-08;RP Střední Čechy;NA;19269
Druh;CZ0213061;Týnecké mokřiny;Bombina bombina;1188;2022-05-15;2024-07-12;Krajský úřad Středočeského kraje;130;50;NA;% lokalit v dobrém stavu;nehodnocen;neznámý;2025-09-08;RP Střední Čechy;NA;19269
Druh;CZ0213061;Týnecké mokřiny;Bombina bombina;1188;2022-05-15;2024-07-12;Krajský úřad Středočeského kraje;131;12;NA;počet dílčích lokalit;nehodnocen;neznámý;2025-09-08;RP Střední Čechy;NA;19269
Druh;CZ0213061;Týnecké mokřiny;Bombina bombina;1188;2022-05-15;2024-07-12;Krajský úřad Středočeského kraje;10;NA;NA;hodnocení dílčích parametrů;dobrý;setrvalý;2025-09-08;RP Střední Čechy;NA;19269
Druh;CZ0213081;Vápenické jezero;Bombina bombina;1188;2022-05-03;2024-07-05;Krajský úřad Středočeského kraje;27;100;100;% lokalit v dobrém stavu;dobrý;neznámý;2025-09-08;RP Střední Čechy;NA;19269
Druh;CZ0213081;Vápenické jezero;Bombina bombina;1188;2022-05-03;2024-07-05;Krajský úřad Středočeského kraje;21;101;NA;volající samci;nehodnocen;neznámý;2025-09-08;RP Střední Čechy;NA;19269
Druh;CZ0213081;Vápenické jezero;Bombina bombina;1188;2022-05-03;2024-07-05;Krajský úřad Středočeského kraje;22;1000;NA;volající samci;nehodnocen;neznámý;2025-09-08;RP Střední Čechy;NA;19269
Druh;CZ0213081;Vápenické jezero;Bombina bombina;1188;2022-05-03;2024-07-05;Krajský úřad Středočeského kraje;80;100;100;% lokalit v dobrém stavu;dobrý;neznámý;2025-09-08;RP Střední Čechy;NA;19269
Druh;CZ0213081;Vápenické jezero;Bombina bombina;1188;2022-05-03;2024-07-05;Krajský úřad Středočeského kraje;30;NA;100;% lokalit v dobrém stavu;neznámý;neznámý;2025-09-08;RP Střední Čechy;NA;19269
Druh;CZ0213081;Vápenické jezero;Bombina bombina;1188;2022-05-03;2024-07-05;Krajský úřad Středočeského kraje;31;100;100;% lokalit v dobrém stavu;dobrý;neznámý;2025-09-08;RP Střední Čechy;NA;19269
Druh;CZ0213081;Vápenické jezero;Bombina bombina;1188;2022-05-03;2024-07-05;Krajský úřad Středočeského kraje;32;100;100;% lokalit v dobrém stavu;dobrý;neznámý;2025-09-08;RP Střední Čechy;NA;19269
Druh;CZ0213081;Vápenické jezero;Bombina bombina;1188;2022-05-03;2024-07-05;Krajský úřad Středočeského kraje;33;100;100;% lokalit v dobrém stavu;dobrý;neznámý;2025-09-08;RP Střední Čechy;NA;19269
Druh;CZ0213081;Vápenické jezero;Bombina bombina;1188;2022-05-03;2024-07-05;Krajský úřad Středočeského kraje;34;100;100;% lokalit v dobrém stavu;dobrý;neznámý;2025-09-08;RP Střední Čechy;NA;19269
Druh;CZ0213081;Vápenické jezero;Bombina bombina;1188;2022-05-03;2024-07-05;Krajský úřad Středočeského kraje;36;100;100;% lokalit v dobrém stavu;dobrý;neznámý;2025-09-08;RP Střední Čechy;NA;19269
Druh;CZ0213081;Vápenické jezero;Bombina bombina;1188;2022-05-03;2024-07-05;Krajský úřad Středočeského kraje;37;100;100;% lokalit v dobrém stavu;dobrý;neznámý;2025-09-08;RP Střední Čechy;NA;19269
Druh;CZ0213081;Vápenické jezero;Bombina bombina;1188;2022-05-03;2024-07-05;Krajský úřad Středočeského kraje;38;100;100;% lokalit v dobrém stavu;dobrý;neznámý;2025-09-08;RP Střední Čechy;NA;19269
Druh;CZ0213081;Vápenické jezero;Bombina bombina;1188;2022-05-03;2024-07-05;Krajský úřad Středočeského kraje;130;100;NA;% lokalit v dobrém stavu;nehodnocen;neznámý;2025-09-08;RP Střední Čechy;NA;19269
Druh;CZ0213081;Vápenické jezero;Bombina bombina;1188;2022-05-03;2024-07-05;Krajský úřad Středočeského kraje;131;1;NA;počet dílčích lokalit;nehodnocen;neznámý;2025-09-08;RP Střední Čechy;NA;19269
Druh;CZ0213081;Vápenické jezero;Bombina bombina;1188;2022-05-03;2024-07-05;Krajský úřad Středočeského kraje;10;NA;NA;hodnocení dílčích parametrů;dobrý;setrvalý;2025-09-08;RP Střední Čechy;NA;19269
Druh;CZ0213082;Velký Raputovský rybník;Triturus cristatus;1166;2022-05-07;2024-06-26;Krajský úřad Středočeského kraje;27;50;50;% lokalit v dobrém stavu;dobrý;neznámý;2025-09-08;RP Střední Čechy;NA;19269
Druh;CZ0213082;Velký Raputovský rybník;Triturus cristatus;1166;2022-05-07;2024-06-26;Krajský úřad Středočeského kraje;21;11;NA;adulti;nehodnocen;neznámý;2025-09-08;RP Střední Čechy;NA;19269
Druh;CZ0213082;Velký Raputovský rybník;Triturus cristatus;1166;2022-05-07;2024-06-26;Krajský úřad Středočeského kraje;22;50;NA;adulti;nehodnocen;neznámý;2025-09-08;RP Střední Čechy;NA;19269
Druh;CZ0213082;Velký Raputovský rybník;Triturus cristatus;1166;2022-05-07;2024-06-26;Krajský úřad Středočeského kraje;80;100;50;% lokalit v dobrém stavu;dobrý;neznámý;2025-09-08;RP Střední Čechy;NA;19269
Druh;CZ0213082;Velký Raputovský rybník;Triturus cristatus;1166;2022-05-07;2024-06-26;Krajský úřad Středočeského kraje;30;50;50;% lokalit v dobrém stavu;dobrý;neznámý;2025-09-08;RP Střední Čechy;NA;19269
Druh;CZ0213082;Velký Raputovský rybník;Triturus cristatus;1166;2022-05-07;2024-06-26;Krajský úřad Středočeského kraje;31;100;50;% lokalit v dobrém stavu;dobrý;neznámý;2025-09-08;RP Střední Čechy;NA;19269
Druh;CZ0213082;Velký Raputovský rybník;Triturus cristatus;1166;2022-05-07;2024-06-26;Krajský úřad Středočeského kraje;32;50;50;% lokalit v dobrém stavu;dobrý;neznámý;2025-09-08;RP Střední Čechy;NA;19269
Druh;CZ0213082;Velký Raputovský rybník;Triturus cristatus;1166;2022-05-07;2024-06-26;Krajský úřad Středočeského kraje;33;100;50;% lokalit v dobrém stavu;dobrý;neznámý;2025-09-08;RP Střední Čechy;NA;19269
Druh;CZ0213082;Velký Raputovský rybník;Triturus cristatus;1166;2022-05-07;2024-06-26;Krajský úřad Středočeského kraje;34;100;50;% lokalit v dobrém stavu;dobrý;neznámý;2025-09-08;RP Střední Čechy;NA;19269
Druh;CZ0213082;Velký Raputovský rybník;Triturus cristatus;1166;2022-05-07;2024-06-26;Krajský úřad Středočeského kraje;35;50;50;% lokalit v dobrém stavu;dobrý;neznámý;2025-09-08;RP Střední Čechy;NA;19269
Druh;CZ0213082;Velký Raputovský rybník;Triturus cristatus;1166;2022-05-07;2024-06-26;Krajský úřad Středočeského kraje;36;100;50;% lokalit v dobrém stavu;dobrý;neznámý;2025-09-08;RP Střední Čechy;NA;19269
Druh;CZ0213082;Velký Raputovský rybník;Triturus cristatus;1166;2022-05-07;2024-06-26;Krajský úřad Středočeského kraje;38;100;50;% lokalit v dobrém stavu;dobrý;neznámý;2025-09-08;RP Střední Čechy;NA;19269
Druh;CZ0213082;Velký Raputovský rybník;Triturus cristatus;1166;2022-05-07;2024-06-26;Krajský úřad Středočeského kraje;130;50;NA;% lokalit v dobrém stavu;nehodnocen;neznámý;2025-09-08;RP Střední Čechy;NA;19269
Druh;CZ0213082;Velký Raputovský rybník;Triturus cristatus;1166;2022-05-07;2024-06-26;Krajský úřad Středočeského kraje;10;NA;NA;hodnocení dílčích parametrů;dobrý;setrvalý;2025-09-08;RP Střední Čechy;NA;19269
Druh;CZ0213082;Velký Raputovský rybník;Triturus cristatus;1166;2022-05-07;2024-06-26;Krajský úřad Středočeského kraje;131;2;NA;počet dílčích lokalit;nehodnocen;neznámý;2025-09-08;RP Střední Čechy;NA;19269
Druh;CZ0213082;Velký Raputovský rybník;Bombina bombina;1188;2022-05-01;2024-06-26;Krajský úřad Středočeského kraje;27;0;50;% lokalit v dobrém stavu;špatný;neznámý;2025-09-08;RP Střední Čechy;NA;19269
Druh;CZ0213082;Velký Raputovský rybník;Bombina bombina;1188;2022-05-01;2024-06-26;Krajský úřad Středočeského kraje;21;0;NA;volající samci;nehodnocen;neznámý;2025-09-08;RP Střední Čechy;NA;19269
Druh;CZ0213082;Velký Raputovský rybník;Bombina bombina;1188;2022-05-01;2024-06-26;Krajský úřad Středočeského kraje;22;0;NA;volající samci;nehodnocen;neznámý;2025-09-08;RP Střední Čechy;NA;19269
Druh;CZ0213082;Velký Raputovský rybník;Bombina bombina;1188;2022-05-01;2024-06-26;Krajský úřad Středočeského kraje;80;0;50;% lokalit v dobrém stavu;špatný;neznámý;2025-09-08;RP Střední Čechy;NA;19269
Druh;CZ0213082;Velký Raputovský rybník;Bombina bombina;1188;2022-05-01;2024-06-26;Krajský úřad Středočeského kraje;30;NA;50;% lokalit v dobrém stavu;neznámý;neznámý;2025-09-08;RP Střední Čechy;NA;19269
Druh;CZ0213082;Velký Raputovský rybník;Bombina bombina;1188;2022-05-01;2024-06-26;Krajský úřad Středočeského kraje;31;100;50;% lokalit v dobrém stavu;dobrý;neznámý;2025-09-08;RP Střední Čechy;NA;19269
Druh;CZ0213082;Velký Raputovský rybník;Bombina bombina;1188;2022-05-01;2024-06-26;Krajský úřad Středočeského kraje;32;50;50;% lokalit v dobrém stavu;dobrý;neznámý;2025-09-08;RP Střední Čechy;NA;19269
Druh;CZ0213082;Velký Raputovský rybník;Bombina bombina;1188;2022-05-01;2024-06-26;Krajský úřad Středočeského kraje;33;100;50;% lokalit v dobrém stavu;dobrý;neznámý;2025-09-08;RP Střední Čechy;NA;19269
Druh;CZ0213082;Velký Raputovský rybník;Bombina bombina;1188;2022-05-01;2024-06-26;Krajský úřad Středočeského kraje;34;100;50;% lokalit v dobrém stavu;dobrý;neznámý;2025-09-08;RP Střední Čechy;NA;19269
Druh;CZ0213082;Velký Raputovský rybník;Bombina bombina;1188;2022-05-01;2024-06-26;Krajský úřad Středočeského kraje;36;100;50;% lokalit v dobrém stavu;dobrý;neznámý;2025-09-08;RP Střední Čechy;NA;19269
Druh;CZ0213082;Velký Raputovský rybník;Bombina bombina;1188;2022-05-01;2024-06-26;Krajský úřad Středočeského kraje;37;100;50;% lokalit v dobrém stavu;dobrý;neznámý;2025-09-08;RP Střední Čechy;NA;19269
Druh;CZ0213082;Velký Raputovský rybník;Bombina bombina;1188;2022-05-01;2024-06-26;Krajský úřad Středočeského kraje;38;100;50;% lokalit v dobrém stavu;dobrý;neznámý;2025-09-08;RP Střední Čechy;NA;19269
Druh;CZ0213082;Velký Raputovský rybník;Bombina bombina;1188;2022-05-01;2024-06-26;Krajský úřad Středočeského kraje;130;0;NA;% lokalit v dobrém stavu;nehodnocen;neznámý;2025-09-08;RP Střední Čechy;NA;19269
Druh;CZ0213082;Velký Raputovský rybník;Bombina bombina;1188;2022-05-01;2024-06-26;Krajský úřad Středočeského kraje;131;2;NA;počet dílčích lokalit;nehodnocen;neznámý;2025-09-08;RP Střední Čechy;NA;19269
Druh;CZ0213082;Velký Raputovský rybník;Bombina bombina;1188;2022-05-01;2024-06-26;Krajský úřad Středočeského kraje;10;NA;NA;hodnocení dílčích parametrů;špatný;zhoršující se;2025-09-08;RP Střední Čechy;NA;19269
Druh;CZ0213084;Vlčkovice - Dubský rybník;Bombina bombina;1188;2022-05-19;2024-10-19;Krajský úřad Středočeského kraje;27;0;100;% lokalit v dobrém stavu;špatný;neznámý;2025-09-08;RP Střední Čechy;NA;19269
Druh;CZ0213084;Vlčkovice - Dubský rybník;Bombina bombina;1188;2022-05-19;2024-10-19;Krajský úřad Středočeského kraje;21;0;NA;volající samci;nehodnocen;neznámý;2025-09-08;RP Střední Čechy;NA;19269
Druh;CZ0213084;Vlčkovice - Dubský rybník;Bombina bombina;1188;2022-05-19;2024-10-19;Krajský úřad Středočeského kraje;22;0;NA;volající samci;nehodnocen;neznámý;2025-09-08;RP Střední Čechy;NA;19269
Druh;CZ0213084;Vlčkovice - Dubský rybník;Bombina bombina;1188;2022-05-19;2024-10-19;Krajský úřad Středočeského kraje;80;0;100;% lokalit v dobrém stavu;špatný;neznámý;2025-09-08;RP Střední Čechy;NA;19269
Druh;CZ0213084;Vlčkovice - Dubský rybník;Bombina bombina;1188;2022-05-19;2024-10-19;Krajský úřad Středočeského kraje;30;NA;100;% lokalit v dobrém stavu;neznámý;neznámý;2025-09-08;RP Střední Čechy;NA;19269
Druh;CZ0213084;Vlčkovice - Dubský rybník;Bombina bombina;1188;2022-05-19;2024-10-19;Krajský úřad Středočeského kraje;31;100;100;% lokalit v dobrém stavu;dobrý;neznámý;2025-09-08;RP Střední Čechy;NA;19269
Druh;CZ0213084;Vlčkovice - Dubský rybník;Bombina bombina;1188;2022-05-19;2024-10-19;Krajský úřad Středočeského kraje;32;100;100;% lokalit v dobrém stavu;dobrý;neznámý;2025-09-08;RP Střední Čechy;NA;19269
Druh;CZ0213084;Vlčkovice - Dubský rybník;Bombina bombina;1188;2022-05-19;2024-10-19;Krajský úřad Středočeského kraje;33;100;100;% lokalit v dobrém stavu;dobrý;neznámý;2025-09-08;RP Střední Čechy;NA;19269
Druh;CZ0213084;Vlčkovice - Dubský rybník;Bombina bombina;1188;2022-05-19;2024-10-19;Krajský úřad Středočeského kraje;34;100;100;% lokalit v dobrém stavu;dobrý;neznámý;2025-09-08;RP Střední Čechy;NA;19269
Druh;CZ0213084;Vlčkovice - Dubský rybník;Bombina bombina;1188;2022-05-19;2024-10-19;Krajský úřad Středočeského kraje;36;100;100;% lokalit v dobrém stavu;dobrý;neznámý;2025-09-08;RP Střední Čechy;NA;19269
Druh;CZ0213084;Vlčkovice - Dubský rybník;Bombina bombina;1188;2022-05-19;2024-10-19;Krajský úřad Středočeského kraje;37;100;100;% lokalit v dobrém stavu;dobrý;neznámý;2025-09-08;RP Střední Čechy;NA;19269
Druh;CZ0213084;Vlčkovice - Dubský rybník;Bombina bombina;1188;2022-05-19;2024-10-19;Krajský úřad Středočeského kraje;38;100;100;% lokalit v dobrém stavu;dobrý;neznámý;2025-09-08;RP Střední Čechy;NA;19269
Druh;CZ0213084;Vlčkovice - Dubský rybník;Bombina bombina;1188;2022-05-19;2024-10-19;Krajský úřad Středočeského kraje;130;0;NA;% lokalit v dobrém stavu;nehodnocen;neznámý;2025-09-08;RP Střední Čechy;NA;19269
Druh;CZ0213084;Vlčkovice - Dubský rybník;Bombina bombina;1188;2022-05-19;2024-10-19;Krajský úřad Středočeského kraje;131;1;NA;počet dílčích lokalit;nehodnocen;neznámý;2025-09-08;RP Střední Čechy;NA;19269
Druh;CZ0213084;Vlčkovice - Dubský rybník;Bombina bombina;1188;2022-05-19;2024-10-19;Krajský úřad Středočeského kraje;10;NA;NA;hodnocení dílčích parametrů;špatný;neznámý;2025-09-08;RP Střední Čechy;NA;19269
